-- MySQL dump 10.13  Distrib 8.0.20, for Win64 (x86_64)
--
-- Host: localhost    Database: autowork
-- ------------------------------------------------------
-- Server version	8.0.20

/*!40101 SET @OLD_CHARACTER_SET_CLIENT=@@CHARACTER_SET_CLIENT */;
/*!40101 SET @OLD_CHARACTER_SET_RESULTS=@@CHARACTER_SET_RESULTS */;
/*!40101 SET @OLD_COLLATION_CONNECTION=@@COLLATION_CONNECTION */;
/*!50503 SET NAMES utf8 */;
/*!40103 SET @OLD_TIME_ZONE=@@TIME_ZONE */;
/*!40103 SET TIME_ZONE='+00:00' */;
/*!40014 SET @OLD_UNIQUE_CHECKS=@@UNIQUE_CHECKS, UNIQUE_CHECKS=0 */;
/*!40014 SET @OLD_FOREIGN_KEY_CHECKS=@@FOREIGN_KEY_CHECKS, FOREIGN_KEY_CHECKS=0 */;
/*!40101 SET @OLD_SQL_MODE=@@SQL_MODE, SQL_MODE='NO_AUTO_VALUE_ON_ZERO' */;
/*!40111 SET @OLD_SQL_NOTES=@@SQL_NOTES, SQL_NOTES=0 */;

--
-- Table structure for table `arch_emp_pos`
--

DROP TABLE IF EXISTS `arch_emp_pos`;
/*!40101 SET @saved_cs_client     = @@character_set_client */;
/*!50503 SET character_set_client = utf8mb4 */;
CREATE TABLE `arch_emp_pos` (
  `id_sp` int DEFAULT NULL,
  `id_w` int DEFAULT NULL,
  `date_change` datetime DEFAULT NULL
) ENGINE=InnoDB DEFAULT CHARSET=utf8mb4 COLLATE=utf8mb4_0900_ai_ci;
/*!40101 SET character_set_client = @saved_cs_client */;

--
-- Dumping data for table `arch_emp_pos`
--

LOCK TABLES `arch_emp_pos` WRITE;
/*!40000 ALTER TABLE `arch_emp_pos` DISABLE KEYS */;
INSERT INTO `arch_emp_pos` VALUES (27,1,'2021-05-11 17:42:30');
/*!40000 ALTER TABLE `arch_emp_pos` ENABLE KEYS */;
UNLOCK TABLES;

--
-- Table structure for table `arch_employees`
--

DROP TABLE IF EXISTS `arch_employees`;
/*!40101 SET @saved_cs_client     = @@character_set_client */;
/*!50503 SET character_set_client = utf8mb4 */;
CREATE TABLE `arch_employees` (
  `id_empl` int DEFAULT NULL,
  `fio` varchar(150) DEFAULT NULL,
  `rental_date` date DEFAULT NULL,
  `rate` int DEFAULT NULL,
  `phone` varchar(12) DEFAULT NULL,
  `status` enum('принят','уволен','изменен') DEFAULT NULL,
  `arch_datetime` datetime DEFAULT NULL
) ENGINE=InnoDB DEFAULT CHARSET=utf8mb4 COLLATE=utf8mb4_0900_ai_ci;
/*!40101 SET character_set_client = @saved_cs_client */;

--
-- Dumping data for table `arch_employees`
--

LOCK TABLES `arch_employees` WRITE;
/*!40000 ALTER TABLE `arch_employees` DISABLE KEYS */;
INSERT INTO `arch_employees` VALUES (24,'sdfjsk khdfjks sdfjkfnskd','2000-01-01',11,'1','уволен','2021-05-11 17:33:18'),(27,'Будко Михаил Александрович','2020-01-02',777,'3888006535','принят','2021-05-11 17:42:30');
/*!40000 ALTER TABLE `arch_employees` ENABLE KEYS */;
UNLOCK TABLES;

--
-- Table structure for table `arch_services_z`
--

DROP TABLE IF EXISTS `arch_services_z`;
/*!40101 SET @saved_cs_client     = @@character_set_client */;
/*!50503 SET character_set_client = utf8mb4 */;
CREATE TABLE `arch_services_z` (
  `id_services_z` int NOT NULL,
  `id_z` int NOT NULL,
  `id_serv` int NOT NULL,
  `id_zap` int DEFAULT NULL,
  `status_serv` enum('готово','выполняется','ожидание') DEFAULT 'ожидание',
  `arch_date` datetime DEFAULT NULL
) ENGINE=InnoDB DEFAULT CHARSET=utf8mb4 COLLATE=utf8mb4_0900_ai_ci;
/*!40101 SET character_set_client = @saved_cs_client */;

--
-- Dumping data for table `arch_services_z`
--

LOCK TABLES `arch_services_z` WRITE;
/*!40000 ALTER TABLE `arch_services_z` DISABLE KEYS */;
INSERT INTO `arch_services_z` VALUES (69,78,1,1002,'ожидание',NULL),(61,76,1,2,'ожидание','2021-05-11 23:08:29'),(62,76,2,NULL,'ожидание','2021-05-11 23:08:29'),(63,76,4,NULL,'ожидание','2021-05-11 23:08:29'),(64,76,4,NULL,'ожидание','2021-05-11 23:08:29'),(65,76,4,NULL,'ожидание','2021-05-11 23:08:29'),(66,76,4,NULL,'ожидание','2021-05-11 23:08:29'),(67,77,1,2,'готово','2021-05-11 23:10:32'),(68,77,6,NULL,'готово','2021-05-11 23:10:32');
/*!40000 ALTER TABLE `arch_services_z` ENABLE KEYS */;
UNLOCK TABLES;

--
-- Table structure for table `arch_zakaz`
--

DROP TABLE IF EXISTS `arch_zakaz`;
/*!40101 SET @saved_cs_client     = @@character_set_client */;
/*!50503 SET character_set_client = utf8mb4 */;
CREATE TABLE `arch_zakaz` (
  `id_z` int NOT NULL,
  `id_cust` int NOT NULL,
  `id_car` int NOT NULL,
  `gov_number` varchar(8) NOT NULL,
  `date_z` datetime NOT NULL,
  `finish_date_z` datetime NOT NULL,
  `vincode` varchar(17) NOT NULL,
  `enginecode` varchar(45) NOT NULL,
  `milleage` int NOT NULL,
  `prod_year` int NOT NULL,
  `arch_date` datetime DEFAULT NULL,
  `status` enum('принят','завершен','отменен') DEFAULT NULL
) ENGINE=InnoDB DEFAULT CHARSET=utf8mb4 COLLATE=utf8mb4_0900_ai_ci;
/*!40101 SET character_set_client = @saved_cs_client */;

--
-- Dumping data for table `arch_zakaz`
--

LOCK TABLES `arch_zakaz` WRITE;
/*!40000 ALTER TABLE `arch_zakaz` DISABLE KEYS */;
INSERT INTO `arch_zakaz` VALUES (77,19,1,'dsdvsdvs','2021-05-11 22:14:47','2021-05-12 02:24:47','vsdvsdv','dvs',11111,1999,'2021-05-11 00:00:00','принят'),(78,19,81,'kgjdflkg','2021-05-11 22:24:44','2021-05-12 02:24:44','dflkdfnblkfnblkdf','dfklbndlfkbn',34534,2423,'2021-05-11 22:24:44','принят'),(79,11,135,'sdkfmsdl','2021-05-11 22:41:47','2021-05-12 04:41:47','svd','sdfsdf',34,1234,'2021-05-11 22:41:47','принят'),(78,19,81,'kgjdflkg','2021-05-11 22:24:44','2021-05-12 02:24:44','dflkdfnblkfnblkdf','dfklbndlfkbn',34534,2423,'2021-05-11 23:06:03','отменен'),(76,3,1,'ff6565ff','2021-05-11 19:41:08','2021-05-12 00:41:08','skdfmsdkfmlsdmfkl','vmdflkmvdlfg',345343,1999,'2021-05-11 23:08:29','отменен'),(77,19,1,'dsdvsdvs','2021-05-11 22:14:47','2021-05-12 02:24:47','vsdvsdv','dvs',11111,1999,'2021-05-11 23:10:32','завершен');
/*!40000 ALTER TABLE `arch_zakaz` ENABLE KEYS */;
UNLOCK TABLES;

--
-- Table structure for table `car`
--

DROP TABLE IF EXISTS `car`;
/*!40101 SET @saved_cs_client     = @@character_set_client */;
/*!50503 SET character_set_client = utf8mb4 */;
CREATE TABLE `car` (
  `id_car` int NOT NULL AUTO_INCREMENT,
  `company` varchar(20) NOT NULL,
  `model` varchar(30) NOT NULL,
  PRIMARY KEY (`id_car`)
) ENGINE=InnoDB AUTO_INCREMENT=922 DEFAULT CHARSET=utf8mb4 COLLATE=utf8mb4_0900_ai_ci;
/*!40101 SET character_set_client = @saved_cs_client */;

--
-- Dumping data for table `car`
--

LOCK TABLES `car` WRITE;
/*!40000 ALTER TABLE `car` DISABLE KEYS */;
INSERT INTO `car` VALUES (1,'Acura','CL'),(2,'Acura','EL'),(3,'Acura','ILX'),(4,'Acura','Integra'),(5,'Acura','MDX'),(6,'Acura','NSX'),(7,'Acura','RDX'),(8,'Acura','RL'),(9,'Acura','RLX'),(10,'Acura','RSX'),(11,'Acura','TL'),(12,'Acura','TLX'),(13,'Acura','TSX'),(14,'Acura','ZDX'),(15,'Alfa Romeo','146'),(16,'Alfa Romeo','147'),(17,'Alfa Romeo','147 GTA'),(18,'Alfa Romeo','156'),(19,'Alfa Romeo','156 GTA'),(20,'Alfa Romeo','159'),(21,'Alfa Romeo','166'),(22,'Alfa Romeo','4C'),(23,'Alfa Romeo','8C Competizione'),(24,'Alfa Romeo','Brera'),(25,'Alfa Romeo','Giulia'),(26,'Alfa Romeo','Giulietta'),(27,'Alfa Romeo','GT'),(28,'Alfa Romeo','GTV'),(29,'Alfa Romeo','MiTo'),(30,'Alfa Romeo','Spider'),(31,'Alfa Romeo','Stelvio'),(32,'Aston Martin','Cygnet'),(33,'Aston Martin','DB11'),(34,'Aston Martin','DB9'),(35,'Aston Martin','DBS'),(36,'Aston Martin','DBS Violante'),(37,'Aston Martin','DBX'),(38,'Aston Martin','Rapide'),(39,'Aston Martin','V12 Vantage'),(40,'Aston Martin','V8 Vantage'),(41,'Aston Martin','Valkyrie'),(42,'Aston Martin','Vanquish'),(43,'Aston Martin','Virage'),(44,'Aston Martin','Zagato Coupe'),(45,'Audi','A1'),(46,'Audi','A2'),(47,'Audi','A3'),(48,'Audi','A4'),(49,'Audi','A4 Allroad Quattro'),(50,'Audi','A5'),(51,'Audi','A6'),(52,'Audi','A7'),(53,'Audi','A8'),(54,'Audi','Allroad'),(55,'Audi','E-Tron'),(56,'Audi','Q2'),(57,'Audi','Q3'),(58,'Audi','Q5'),(59,'Audi','Q7'),(60,'Audi','Q8'),(61,'Audi','R8'),(62,'Audi','RS Q3'),(63,'Audi','RS3'),(64,'Audi','RS4'),(65,'Audi','RS5'),(66,'Audi','RS6'),(67,'Audi','RS7'),(68,'Audi','S3'),(69,'Audi','S4'),(70,'Audi','S5'),(71,'Audi','S6'),(72,'Audi','S7'),(73,'Audi','S8'),(74,'Audi','SQ2'),(75,'Audi','SQ5'),(76,'Audi','SQ7'),(77,'Audi','SQ8'),(78,'Audi','TT'),(79,'Audi','TT RS'),(80,'Audi','TTS'),(81,'Bentley','Arnage'),(82,'Bentley','Azure'),(83,'Bentley','Bentayga'),(84,'Bentley','Brooklands'),(85,'Bentley','Continental'),(86,'Bentley','Continental Flying Spur'),(87,'Bentley','Continental GT'),(88,'Bentley','Flying Spur'),(89,'Bentley','Mulsanne'),(90,'BMW','1 series'),(91,'BMW','2 series'),(92,'BMW','3 series'),(93,'BMW','4 series'),(94,'BMW','5 series'),(95,'BMW','6 series'),(96,'BMW','7 series'),(97,'BMW','8 series'),(98,'BMW','i3'),(99,'BMW','i8'),(100,'BMW','M2'),(101,'BMW','M3'),(102,'BMW','M4'),(103,'BMW','M5'),(104,'BMW','M6'),(105,'BMW','X1'),(106,'BMW','X2'),(107,'BMW','X3'),(108,'BMW','X3 M'),(109,'BMW','X4'),(110,'BMW','X4 M'),(111,'BMW','X5'),(112,'BMW','X5 M'),(113,'BMW','X6'),(114,'BMW','X6 M'),(115,'BMW','X7'),(116,'BMW','Z3'),(117,'BMW','Z4'),(118,'BMW','Z8'),(119,'Brilliance','H230'),(120,'Brilliance','V3'),(121,'Brilliance','V5'),(122,'Bugatti','Veyron'),(123,'Buick','Century'),(124,'Buick','Enclave'),(125,'Buick','Envision'),(126,'Buick','La Crosse'),(127,'Buick','Le Sabre'),(128,'Buick','Lucerne'),(129,'Buick','Park Avenue'),(130,'Buick','Rainier'),(131,'Buick','Regal'),(132,'Buick','Rendezvouz'),(133,'Buick','Terraza'),(134,'Buick','Verano'),(135,'BYD','Qin'),(136,'Cadillac','ATS'),(137,'Cadillac','ATS-V'),(138,'Cadillac','BLS'),(139,'Cadillac','CT6'),(140,'Cadillac','CTS'),(141,'Cadillac','De Ville'),(142,'Cadillac','DTS'),(143,'Cadillac','Eldorado'),(144,'Cadillac','ELR'),(145,'Cadillac','Escalade'),(146,'Cadillac','Seville'),(147,'Cadillac','SRX'),(148,'Cadillac','STS'),(149,'Cadillac','XLR'),(150,'Cadillac','XT4'),(151,'Cadillac','XT5'),(152,'Cadillac','XT6'),(153,'Cadillac','XTS'),(154,'Changan','CS35'),(155,'Changan','CS35 Plus'),(156,'Changan','CS55'),(157,'Changan','CS75'),(158,'Changan','CS95'),(159,'Changan','Eado'),(160,'Changan','Raeton'),(161,'Chery','Amulet'),(162,'Chery','Arrizo 7'),(163,'Chery','Bonus'),(164,'Chery','Bonus 3'),(165,'Chery','CrossEastar'),(166,'Chery','Eastar'),(167,'Chery','Fora'),(168,'Chery','IndiS'),(169,'Chery','Kimo'),(170,'Chery','M11'),(171,'Chery','QQ'),(172,'Chery','QQ6'),(173,'Chery','Tiggo'),(174,'Chery','Tiggo 3'),(175,'Chery','Tiggo 4'),(176,'Chery','Tiggo 5'),(177,'Chery','Tiggo 7'),(178,'Chery','Tiggo 8'),(179,'Chery','Very'),(180,'Chevrolet','Astro'),(181,'Chevrolet','Avalanche'),(182,'Chevrolet','Aveo'),(183,'Chevrolet','Blazer'),(184,'Chevrolet','Camaro'),(185,'Chevrolet','Captiva'),(186,'Chevrolet','Cavalier'),(187,'Chevrolet','Cobalt'),(188,'Chevrolet','Colorado'),(189,'Chevrolet','Corvette'),(190,'Chevrolet','Cruze'),(191,'Chevrolet','Epica'),(192,'Chevrolet','Equinox'),(193,'Chevrolet','Express'),(194,'Chevrolet','HHR'),(195,'Chevrolet','Impala'),(196,'Chevrolet','Lacetti'),(197,'Chevrolet','Lanos'),(198,'Chevrolet','Malibu'),(199,'Chevrolet','Monte Carlo'),(200,'Chevrolet','Niva'),(201,'Chevrolet','Orlando'),(202,'Chevrolet','Rezzo'),(203,'Chevrolet','Silverado'),(204,'Chevrolet','Silverado 2500 HD'),(205,'Chevrolet','Spark'),(206,'Chevrolet','SSR'),(207,'Chevrolet','Suburban'),(208,'Chevrolet','Tahoe'),(209,'Chevrolet','TrailBlazer'),(210,'Chevrolet','Traverse'),(211,'Chevrolet','Trax'),(212,'Chevrolet','Uplander'),(213,'Chevrolet','Venture'),(214,'Chrysler','200'),(215,'Chrysler','300'),(216,'Chrysler','300M'),(217,'Chrysler','Aspen'),(218,'Chrysler','Concorde'),(219,'Chrysler','Crossfire'),(220,'Chrysler','Grand Voyager'),(221,'Chrysler','Pacifica'),(222,'Chrysler','PT Cruiser'),(223,'Chrysler','Sebring'),(224,'Chrysler','Town & Country'),(225,'Chrysler','Voyager'),(226,'Citroen','Berlingo'),(227,'Citroen','C-Crosser'),(228,'Citroen','C-Elysee'),(229,'Citroen','C1'),(230,'Citroen','C2'),(231,'Citroen','C3'),(232,'Citroen','C3 Aircross'),(233,'Citroen','C3 Picasso'),(234,'Citroen','C3 Pluriel'),(235,'Citroen','C4'),(236,'Citroen','C4 Aircross'),(237,'Citroen','C4 Cactus'),(238,'Citroen','C4 Picasso'),(239,'Citroen','C5'),(240,'Citroen','C6'),(241,'Citroen','C8'),(242,'Citroen','DS 7 Crossback'),(243,'Citroen','DS3'),(244,'Citroen','DS4'),(245,'Citroen','DS5'),(246,'Citroen','Grand C4 Picasso'),(247,'Citroen','Jumpy'),(248,'Citroen','Nemo'),(249,'Citroen','Saxo'),(250,'Citroen','Spacetourer'),(251,'Citroen','Xsara'),(252,'Citroen','Xsara Picasso'),(253,'Daewoo','Evanda'),(254,'Daewoo','Kalos'),(255,'Daewoo','Leganza'),(256,'Daewoo','Magnus'),(257,'Daewoo','Matiz'),(258,'Daewoo','Nexia'),(259,'Daewoo','Nubira'),(260,'Daihatsu','Applause'),(261,'Daihatsu','Cast'),(262,'Daihatsu','Copen'),(263,'Daihatsu','Cuore'),(264,'Daihatsu','Gran Move'),(265,'Daihatsu','Luxio'),(266,'Daihatsu','Materia'),(267,'Daihatsu','Mebius'),(268,'Daihatsu','Move'),(269,'Daihatsu','Rocky'),(270,'Daihatsu','Sirion'),(271,'Daihatsu','Terios'),(272,'Daihatsu','Trevis'),(273,'Daihatsu','YRV'),(274,'Datsun','mi-DO'),(275,'Datsun','on-DO'),(276,'Dodge','Avenger'),(277,'Dodge','Caliber'),(278,'Dodge','Caliber SRT4'),(279,'Dodge','Caravan'),(280,'Dodge','Challenger'),(281,'Dodge','Charger'),(282,'Dodge','Dakota'),(283,'Dodge','Dart'),(284,'Dodge','Durango'),(285,'Dodge','Intrepid'),(286,'Dodge','Journey'),(287,'Dodge','Magnum'),(288,'Dodge','Neon'),(289,'Dodge','Nitro'),(290,'Dodge','Ram 1500'),(291,'Dodge','Ram 2500'),(292,'Dodge','Ram 3500'),(293,'Dodge','Ram SRT10'),(294,'Dodge','Stratus'),(295,'Dodge','Viper'),(296,'Dongfeng','580'),(297,'Dongfeng','A30'),(298,'Dongfeng','AX7'),(299,'Dongfeng','H30 Cross'),(300,'FAW','Besturn B30'),(301,'FAW','Besturn B50'),(302,'FAW','Besturn X40'),(303,'FAW','Besturn X80'),(304,'FAW','Oley'),(305,'FAW','Vita'),(306,'Ferrari','348'),(307,'Ferrari','360'),(308,'Ferrari','456'),(309,'Ferrari','458'),(310,'Ferrari','488'),(311,'Ferrari','512'),(312,'Ferrari','550'),(313,'Ferrari','575 M'),(314,'Ferrari','599 GTB Fiorano'),(315,'Ferrari','599 GTO'),(316,'Ferrari','612'),(317,'Ferrari','812'),(318,'Ferrari','California'),(319,'Ferrari','California T'),(320,'Ferrari','Challenge Stradale'),(321,'Ferrari','Enzo'),(322,'Ferrari','F12'),(323,'Ferrari','F355'),(324,'Ferrari','F430'),(325,'Ferrari','F50'),(326,'Ferrari','F512 M'),(327,'Ferrari','FF'),(328,'Ferrari','GTC4 Lusso'),(329,'Ferrari','LaFerrari'),(330,'Fiat','124 Spider'),(331,'Fiat','500'),(332,'Fiat','500L'),(333,'Fiat','500X'),(334,'Fiat','Albea'),(335,'Fiat','Brava'),(336,'Fiat','Bravo'),(337,'Fiat','Coupe'),(338,'Fiat','Croma'),(339,'Fiat','Doblo'),(340,'Fiat','Ducato'),(341,'Fiat','Freemont'),(342,'Fiat','Grande Punto'),(343,'Fiat','Idea'),(344,'Fiat','Linea'),(345,'Fiat','Marea'),(346,'Fiat','Multipla'),(347,'Fiat','Palio'),(348,'Fiat','Panda'),(349,'Fiat','Panda 4x4'),(350,'Fiat','Punto'),(351,'Fiat','Qubo'),(352,'Fiat','Sedici'),(353,'Fiat','Siena'),(354,'Fiat','Stilo'),(355,'Fiat','Strada'),(356,'Fiat','Tipo'),(357,'Fiat','Ulysse'),(358,'Fisker','Karma'),(359,'Ford','B-Max'),(360,'Ford','C-Max'),(361,'Ford','Cougar'),(362,'Ford','Crown Victoria'),(363,'Ford','EcoSport'),(364,'Ford','Edge'),(365,'Ford','Escape'),(366,'Ford','Excursion'),(367,'Ford','Expedition'),(368,'Ford','Explorer'),(369,'Ford','Explorer Sport Trac'),(370,'Ford','F-150'),(371,'Ford','F-250'),(372,'Ford','F-350'),(373,'Ford','Falcon'),(374,'Ford','Fiesta'),(375,'Ford','Five Hundred'),(376,'Ford','Flex'),(377,'Ford','Focus'),(378,'Ford','Focus Active'),(379,'Ford','Freestar'),(380,'Ford','Freestyle'),(381,'Ford','Fusion'),(382,'Ford','Galaxy'),(383,'Ford','Ka'),(384,'Ford','Kuga'),(385,'Ford','Maverick'),(386,'Ford','Mondeo'),(387,'Ford','Mustang'),(388,'Ford','Mustang Shelby GT350'),(389,'Ford','Mustang Shelby GT500'),(390,'Ford','Puma'),(391,'Ford','Ranger'),(392,'Ford','S-Max'),(393,'Ford','Taurus'),(394,'Ford','Taurus X'),(395,'Ford','Thunderbird'),(396,'Ford','Tourneo Connect'),(397,'Ford','Transit'),(398,'Ford','Transit Connect'),(399,'GAZ','3102'),(400,'GAZ','31105'),(401,'GAZ','Siber'),(402,'GAZ','Sobol'),(403,'Geely','Atlas'),(404,'Geely','Coolray'),(405,'Geely','Emgrand 7'),(406,'Geely','Emgrand EC7'),(407,'Geely','Emgrand GS'),(408,'Geely','Emgrand X7'),(409,'Geely','GC9'),(410,'Geely','GС6'),(411,'Geely','MK'),(412,'Geely','Otaka'),(413,'Geely','Vision'),(414,'Genesis','G70'),(415,'Genesis','G80'),(416,'Genesis','G90'),(417,'GMC','Acadia'),(418,'GMC','Canyon'),(419,'GMC','Envoy'),(420,'GMC','Sierra 1500'),(421,'GMC','Sierra 2500'),(422,'GMC','Terrain'),(423,'GMC','Yukon'),(424,'Great Wall','Cowry'),(425,'Great Wall','Deer'),(426,'Great Wall','Hover'),(427,'Great Wall','Hover M2'),(428,'Great Wall','Pegasus'),(429,'Great Wall','Peri'),(430,'Great Wall','Safe'),(431,'Great Wall','Sailor'),(432,'Great Wall','Sing'),(433,'Great Wall','Socool'),(434,'Great Wall','Wingle'),(435,'Haval','F7'),(436,'Haval','H4'),(437,'Haval','H6'),(438,'Haval','H9'),(439,'Holden','Commodore'),(440,'Honda','Accord'),(441,'Honda','Amaze'),(442,'Honda','City'),(443,'Honda','Civic'),(444,'Honda','CR-V'),(445,'Honda','CR-Z'),(446,'Honda','Crosstour'),(447,'Honda','Element'),(448,'Honda','Fit'),(449,'Honda','FR-V'),(450,'Honda','HR-V'),(451,'Honda','HR-V II (GJ)'),(452,'Honda','Insight'),(453,'Honda','Jade'),(454,'Honda','Jazz'),(455,'Honda','Legend'),(456,'Honda','Odyssey'),(457,'Honda','Pilot'),(458,'Honda','Prelude'),(459,'Honda','Ridgeline'),(460,'Honda','S2000'),(461,'Honda','Shuttle'),(462,'Honda','Stream'),(463,'Honda','Vezel'),(464,'Hummer','H1'),(465,'Hummer','H2'),(466,'Hummer','H3'),(467,'Hyundai','Accent'),(468,'Hyundai','Atos Prime'),(469,'Hyundai','Azera'),(470,'Hyundai','Centennial'),(471,'Hyundai','Creta'),(472,'Hyundai','Elantra'),(473,'Hyundai','Entourage'),(474,'Hyundai','Eon'),(475,'Hyundai','Equus'),(476,'Hyundai','Galloper'),(477,'Hyundai','Genesis'),(478,'Hyundai','Genesis Coupe'),(479,'Hyundai','Getz'),(480,'Hyundai','Grandeur'),(481,'Hyundai','H-1'),(482,'Hyundai','i10'),(483,'Hyundai','i20'),(484,'Hyundai','i30'),(485,'Hyundai','i30 N'),(486,'Hyundai','i40'),(487,'Hyundai','Ioniq'),(488,'Hyundai','ix20'),(489,'Hyundai','ix35'),(490,'Hyundai','Kona'),(491,'Hyundai','Matrix'),(492,'Hyundai','Palisade'),(493,'Hyundai','Porter'),(494,'Hyundai','Santa Fe'),(495,'Hyundai','Solaris'),(496,'Hyundai','Sonata'),(497,'Hyundai','Terracan'),(498,'Hyundai','Trajet'),(499,'Hyundai','Tucson'),(500,'Hyundai','Veloster'),(501,'Hyundai','Veracruz'),(502,'Hyundai','Verna'),(503,'Hyundai','Xcent'),(504,'Hyundai','XG'),(505,'Infiniti','EX'),(506,'Infiniti','FX'),(507,'Infiniti','G'),(508,'Infiniti','I35'),(509,'Infiniti','JX'),(510,'Infiniti','M'),(511,'Infiniti','Q30'),(512,'Infiniti','Q40'),(513,'Infiniti','Q45'),(514,'Infiniti','Q50'),(515,'Infiniti','Q60'),(516,'Infiniti','Q70'),(517,'Infiniti','QX30'),(518,'Infiniti','QX4'),(519,'Infiniti','QX50'),(520,'Infiniti','QX56'),(521,'Infiniti','QX60'),(522,'Infiniti','QX70'),(523,'Infiniti','QX80'),(524,'Isuzu','Ascender'),(525,'Isuzu','Axiom'),(526,'Isuzu','D-Max'),(527,'Isuzu','D-Max Rodeo'),(528,'Isuzu','I280'),(529,'Isuzu','I290'),(530,'Isuzu','I350'),(531,'Isuzu','I370'),(532,'Isuzu','Rodeo'),(533,'Isuzu','Trooper'),(534,'Isuzu','VehiCross'),(535,'Iveco','Daily'),(536,'Jaguar','E-Pace'),(537,'Jaguar','F-Pace'),(538,'Jaguar','F-Type'),(539,'Jaguar','I-Pace'),(540,'Jaguar','S-Type'),(541,'Jaguar','X-Type'),(542,'Jaguar','XE'),(543,'Jaguar','XF'),(544,'Jaguar','XJ'),(545,'Jaguar','XK/XKR'),(546,'Jeep','Cherokee'),(547,'Jeep','Commander'),(548,'Jeep','Compass'),(549,'Jeep','Gladiator'),(550,'Jeep','Grand Cherokee'),(551,'Jeep','Liberty'),(552,'Jeep','Patriot'),(553,'Jeep','Renegade'),(554,'Jeep','Wrangler'),(555,'Kia','Carens'),(556,'Kia','Carnival'),(557,'Kia','Ceed'),(558,'Kia','Cerato'),(559,'Kia','Clarus'),(560,'Kia','Forte'),(561,'Kia','K900'),(562,'Kia','Magentis'),(563,'Kia','Mohave'),(564,'Kia','Niro'),(565,'Kia','Opirus'),(566,'Kia','Optima'),(567,'Kia','Picanto'),(568,'Kia','ProCeed'),(569,'Kia','Quoris'),(570,'Kia','Ray'),(571,'Kia','Rio'),(572,'Kia','Rio X-Line'),(573,'Kia','Seltos'),(574,'Kia','Shuma'),(575,'Kia','Sorento'),(576,'Kia','Sorento Prime'),(577,'Kia','Soul'),(578,'Kia','Spectra'),(579,'Kia','Sportage'),(580,'Kia','Stinger'),(581,'Kia','Stonic'),(582,'Kia','Telluride'),(583,'Kia','Venga'),(584,'Lamborghini','Aventador'),(585,'Lamborghini','Centenario'),(586,'Lamborghini','Diablo'),(587,'Lamborghini','Gallardo'),(588,'Lamborghini','Huracan'),(589,'Lamborghini','Murcielago'),(590,'Lamborghini','Reventon'),(591,'Lamborghini','Urus'),(592,'Lancia','Delta'),(593,'Lancia','Lybra'),(594,'Lancia','Musa'),(595,'Lancia','Phedra'),(596,'Lancia','Thema'),(597,'Lancia','Thesis'),(598,'Lancia','Ypsilon'),(599,'Land Rover','Defender'),(600,'Land Rover','Discovery'),(601,'Land Rover','Discovery Sport'),(602,'Land Rover','Evoque'),(603,'Land Rover','Freelander'),(604,'Land Rover','Range Rover'),(605,'Land Rover','Range Rover Sport'),(606,'Land Rover','Range Rover Velar'),(607,'Lexus','CT'),(608,'Lexus','ES'),(609,'Lexus','GS'),(610,'Lexus','GX'),(611,'Lexus','HS'),(612,'Lexus','IS'),(613,'Lexus','LC'),(614,'Lexus','LFA'),(615,'Lexus','LS'),(616,'Lexus','LX'),(617,'Lexus','NX'),(618,'Lexus','RC'),(619,'Lexus','RX'),(620,'Lexus','SC'),(621,'Lexus','UX'),(622,'Lifan','Breez'),(623,'Lifan','Cebrium'),(624,'Lifan','Celliya'),(625,'Lifan','Smily'),(626,'Lifan','Solano'),(627,'Lifan','X50'),(628,'Lifan','X60'),(629,'Lincoln','Aviator'),(630,'Lincoln','Corsair'),(631,'Lincoln','Mark LT'),(632,'Lincoln','MKC'),(633,'Lincoln','MKS'),(634,'Lincoln','MKT'),(635,'Lincoln','MKX'),(636,'Lincoln','MKZ'),(637,'Lincoln','Navigator'),(638,'Lincoln','Town Car'),(639,'Lincoln','Zephyr'),(640,'Lotus','Elise'),(641,'Lotus','Europa S'),(642,'Lotus','Evora'),(643,'Lotus','Exige'),(644,'Marussia','B1'),(645,'Marussia','B2'),(646,'Maserati','3200 GT'),(647,'Maserati','Ghibli'),(648,'Maserati','Gran Cabrio'),(649,'Maserati','Gran Turismo '),(650,'Maserati','Gran Turismo S'),(651,'Maserati','Levante'),(652,'Maserati','Quattroporte'),(653,'Maserati','Quattroporte S'),(654,'Maybach','57'),(655,'Maybach','57 S'),(656,'Maybach','62'),(657,'Maybach','62 S'),(658,'Maybach','Landaulet'),(659,'Mazda','2'),(660,'Mazda','3'),(661,'Mazda','323'),(662,'Mazda','5'),(663,'Mazda','6'),(664,'Mazda','626'),(665,'Mazda','B-Series'),(666,'Mazda','BT-50'),(667,'Mazda','CX-3'),(668,'Mazda','CX-5'),(669,'Mazda','CX-7'),(670,'Mazda','CX-9'),(671,'Mazda','MPV'),(672,'Mazda','MX-5'),(673,'Mazda','Premacy'),(674,'Mazda','RX-7'),(675,'Mazda','RX-8'),(676,'Mazda','Tribute'),(677,'McLaren','540C'),(678,'McLaren','570S'),(679,'McLaren','600LT'),(680,'McLaren','650S'),(681,'McLaren','675LT'),(682,'McLaren','720S'),(683,'McLaren','MP4-12C'),(684,'McLaren','P1'),(685,'Mercedes','A-class'),(686,'Mercedes','AMG GT'),(687,'Mercedes','AMG GT 4-Door'),(688,'Mercedes','B-class'),(689,'Mercedes','C-class'),(690,'Mercedes','C-class Sport Coupe'),(691,'Mercedes','CL-class'),(692,'Mercedes','CLA-class'),(693,'Mercedes','CLC-class '),(694,'Mercedes','CLK-class'),(695,'Mercedes','CLS-class'),(696,'Mercedes','E-class'),(697,'Mercedes','E-class Coupe'),(698,'Mercedes','EQC'),(699,'Mercedes','G-class'),(700,'Mercedes','GL-class'),(701,'Mercedes','GLA-class'),(702,'Mercedes','GLB-class'),(703,'Mercedes','GLC-class'),(704,'Mercedes','GLC-class Coupe'),(705,'Mercedes','GLE-class'),(706,'Mercedes','GLE-class Coupe'),(707,'Mercedes','GLK-class'),(708,'Mercedes','GLS-class'),(709,'Mercedes','M-class'),(710,'Mercedes','R-class'),(711,'Mercedes','S-class'),(712,'Mercedes','S-class Cabrio'),(713,'Mercedes','S-class Coupe'),(714,'Mercedes','SL-class'),(715,'Mercedes','SLK-class'),(716,'Mercedes','SLR-class'),(717,'Mercedes','SLS AMG'),(718,'Mercedes','Sprinter'),(719,'Mercedes','Vaneo'),(720,'Mercedes','Viano'),(721,'Mercedes','Vito'),(722,'Mercedes','X-class'),(723,'Mercury','Grand Marquis'),(724,'Mercury','Mariner'),(725,'Mercury','Milan'),(726,'Mercury','Montego'),(727,'Mercury','Monterey'),(728,'Mercury','Mountaineer'),(729,'Mercury','Sable'),(730,'MG','TF'),(731,'MG','XPower SV'),(732,'MG','ZR'),(733,'MG','ZS'),(734,'MG','ZT'),(735,'MG','ZT-T'),(736,'Mini','Clubman'),(737,'Mini','Clubman S'),(738,'Mini','Clubvan'),(739,'Mini','Cooper'),(740,'Mini','Cooper Cabrio'),(741,'Mini','Cooper S'),(742,'Mini','Cooper S Cabrio'),(743,'Mini','Cooper S Countryman All4'),(744,'Mini','Countryman'),(745,'Mini','One'),(746,'Mitsubishi','3000 GT'),(747,'Mitsubishi','ASX'),(748,'Mitsubishi','Carisma'),(749,'Mitsubishi','Colt'),(750,'Mitsubishi','Dignity'),(751,'Mitsubishi','Eclipse'),(752,'Mitsubishi','Eclipse Cross'),(753,'Mitsubishi','Endeavor'),(754,'Mitsubishi','Galant'),(755,'Mitsubishi','Grandis'),(756,'Mitsubishi','i-MiEV'),(757,'Mitsubishi','L200'),(758,'Mitsubishi','Lancer'),(759,'Mitsubishi','Lancer Evo'),(760,'Mitsubishi','Mirage'),(761,'Mitsubishi','Outlander'),(762,'Mitsubishi','Outlander XL'),(763,'Mitsubishi','Pajero'),(764,'Mitsubishi','Pajero Pinin'),(765,'Mitsubishi','Pajero Sport'),(766,'Mitsubishi','Raider'),(767,'Mitsubishi','Space Gear'),(768,'Mitsubishi','Space Runner'),(769,'Mitsubishi','Space Star'),(770,'Nissan','350Z'),(771,'Nissan','370Z'),(772,'Nissan','Almera'),(773,'Nissan','Almera Classic'),(774,'Nissan','Almera Tino'),(775,'Nissan','Altima'),(776,'Nissan','Armada'),(777,'Nissan','Bluebird Sylphy'),(778,'Nissan','GT-R'),(779,'Nissan','Juke'),(780,'Nissan','Leaf'),(781,'Nissan','Maxima'),(782,'Nissan','Micra'),(783,'Nissan','Murano'),(784,'Nissan','Navara'),(785,'Nissan','Note'),(786,'Nissan','NP300'),(787,'Nissan','Pathfinder'),(788,'Nissan','Patrol'),(789,'Nissan','Primera'),(790,'Nissan','Qashqai'),(791,'Nissan','Qashqai+2'),(792,'Nissan','Quest'),(793,'Nissan','Rogue'),(794,'Nissan','Sentra'),(795,'Nissan','Skyline'),(796,'Nissan','Sylphy'),(797,'Nissan','Teana'),(798,'Nissan','Terrano'),(799,'Nissan','Tiida'),(800,'Nissan','Titan'),(801,'Nissan','Titan XD'),(802,'Nissan','X-Trail'),(803,'Nissan','XTerra'),(804,'Nissan','Z'),(805,'Noble','M600'),(806,'Opel','Adam'),(807,'Opel','Agila'),(808,'Opel','Antara'),(809,'Opel','Astra'),(810,'Opel','Astra GTS'),(811,'Opel','Cascada'),(812,'Opel','Combo'),(813,'Opel','Corsa'),(814,'Opel','Corsa OPC'),(815,'Opel','Crossland X'),(816,'Opel','Frontera'),(817,'Opel','Grandland X'),(818,'Opel','Insignia'),(819,'Opel','Insignia OPC'),(820,'Opel','Karl'),(821,'Opel','Meriva'),(822,'Opel','Mokka'),(823,'Opel','Omega'),(824,'Opel','Signum'),(825,'Opel','Speedster'),(826,'Opel','Tigra'),(827,'Opel','Vectra'),(828,'Opel','Vivaro'),(829,'Opel','Zafira'),(830,'Opel','Zafira Tourer'),(831,'Peugeot','1007'),(832,'Peugeot','107'),(833,'Peugeot','108'),(834,'Peugeot','2008'),(835,'Peugeot','206'),(836,'Peugeot','207'),(837,'Peugeot','208'),(838,'Peugeot','3008'),(839,'Peugeot','301'),(840,'Peugeot','307'),(841,'Peugeot','308'),(842,'Peugeot','4007'),(843,'Peugeot','4008'),(844,'Peugeot','406'),(845,'Peugeot','407'),(846,'Peugeot','408'),(847,'Peugeot','5008'),(848,'Peugeot','508'),(849,'Peugeot','607'),(850,'Peugeot','807'),(851,'Peugeot','Boxer'),(852,'Peugeot','Partner'),(853,'Peugeot','RCZ Sport'),(854,'Plymouth','Road Runner'),(855,'Pontiac','Aztec'),(856,'Pontiac','Bonneville'),(857,'Pontiac','Firebird'),(858,'Pontiac','G5 Pursuit'),(859,'Pontiac','G6'),(860,'Pontiac','G8'),(861,'Pontiac','Grand AM'),(862,'Pontiac','Grand Prix'),(863,'Pontiac','GTO'),(864,'Pontiac','Montana'),(865,'Pontiac','Solstice'),(866,'Pontiac','Sunfire'),(867,'Pontiac','Torrent'),(868,'Pontiac','Vibe'),(869,'Porsche','718 Boxster'),(870,'Porsche','718 Cayman'),(871,'Porsche','911'),(872,'Porsche','Boxster'),(873,'Porsche','Cayenne'),(874,'Porsche','Cayman'),(875,'Porsche','Macan'),(876,'Porsche','Panamera'),(877,'Porsche','Taycan'),(878,'Ravon','Gentra'),(879,'Renault','Arkana'),(880,'Renault','Avantime'),(881,'Renault','Captur'),(882,'Renault','Clio'),(883,'Renault','Duster'),(884,'Renault','Duster Oroch'),(885,'Renault','Espace'),(886,'Renault','Fluence'),(887,'Renault','Grand Scenic'),(888,'Renault','Kadjar'),(889,'Renault','Kangoo'),(890,'Renault','Kaptur'),(891,'Renault','Koleos'),(892,'Renault','Laguna'),(893,'Renault','Latitude'),(894,'Renault','Logan'),(895,'Renault','Master'),(896,'Renault','Megane'),(897,'Renault','Modus'),(898,'Renault','Sandero'),(899,'Renault','Sandero Stepway'),(900,'Renault','Scenic'),(901,'Renault','Symbol'),(902,'Renault','Talisman'),(903,'Renault','Trafic'),(904,'Renault','Twingo'),(905,'Renault','Twizy'),(906,'Renault','Vel Satis'),(907,'Renault','Wind'),(908,'Renault','Zoe'),(909,'Rolls-Royce','Cullinan'),(910,'Rolls-Royce','Dawn'),(911,'Rolls-Royce','Ghost'),(912,'Rolls-Royce','Phantom'),(913,'Rolls-Royce','Wraith'),(914,'Rover','25'),(915,'Rover','400'),(916,'Rover','45'),(917,'Rover','600'),(918,'Rover','75'),(919,'Rover','Streetwise'),(920,'Saab','9-2x'),(921,'Nissan','Micra');
/*!40000 ALTER TABLE `car` ENABLE KEYS */;
UNLOCK TABLES;

--
-- Table structure for table `customer`
--

DROP TABLE IF EXISTS `customer`;
/*!40101 SET @saved_cs_client     = @@character_set_client */;
/*!50503 SET character_set_client = utf8mb4 */;
CREATE TABLE `customer` (
  `id_cust` int NOT NULL AUTO_INCREMENT,
  `phone` varchar(12) NOT NULL,
  `fio` varchar(150) NOT NULL,
  `order_count` int(10) unsigned zerofill DEFAULT NULL,
  PRIMARY KEY (`id_cust`),
  UNIQUE KEY `phone` (`phone`)
) ENGINE=InnoDB AUTO_INCREMENT=20 DEFAULT CHARSET=utf8mb4 COLLATE=utf8mb4_0900_ai_ci;
/*!40101 SET character_set_client = @saved_cs_client */;

--
-- Dumping data for table `customer`
--

LOCK TABLES `customer` WRITE;
/*!40000 ALTER TABLE `customer` DISABLE KEYS */;
INSERT INTO `customer` VALUES (3,'380990505252','Леонов Аркадий Тургеневич',0000000010),(11,'380000996212','Лихачев Алексей Иванович',NULL),(13,'380730010012','Раскольников Семен Семенович',NULL),(15,'380957842345','Семенюков Билл Биданович',NULL),(18,'381234567890','dkflgdflkvmd Иван Иван',NULL),(19,'668837208','Плохой Даниил ',NULL);
/*!40000 ALTER TABLE `customer` ENABLE KEYS */;
UNLOCK TABLES;

--
-- Table structure for table `emp_pos`
--

DROP TABLE IF EXISTS `emp_pos`;
/*!40101 SET @saved_cs_client     = @@character_set_client */;
/*!50503 SET character_set_client = utf8mb4 */;
CREATE TABLE `emp_pos` (
  `id_worker` int DEFAULT NULL,
  `id_pos` int DEFAULT NULL,
  KEY `id_pos` (`id_pos`),
  KEY `emp_pos_ibfk_1_idx` (`id_worker`),
  CONSTRAINT `emp_pos_ibfk_1` FOREIGN KEY (`id_worker`) REFERENCES `employees` (`id_empl`) ON DELETE CASCADE ON UPDATE RESTRICT,
  CONSTRAINT `emp_pos_ibfk_2` FOREIGN KEY (`id_pos`) REFERENCES `specialization` (`id_spec`) ON DELETE CASCADE
) ENGINE=InnoDB DEFAULT CHARSET=utf8mb4 COLLATE=utf8mb4_0900_ai_ci;
/*!40101 SET character_set_client = @saved_cs_client */;

--
-- Dumping data for table `emp_pos`
--

LOCK TABLES `emp_pos` WRITE;
/*!40000 ALTER TABLE `emp_pos` DISABLE KEYS */;
INSERT INTO `emp_pos` VALUES (12,1),(16,2),(20,5),(27,1);
/*!40000 ALTER TABLE `emp_pos` ENABLE KEYS */;
UNLOCK TABLES;
/*!50003 SET @saved_cs_client      = @@character_set_client */ ;
/*!50003 SET @saved_cs_results     = @@character_set_results */ ;
/*!50003 SET @saved_col_connection = @@collation_connection */ ;
/*!50003 SET character_set_client  = utf8mb4 */ ;
/*!50003 SET character_set_results = utf8mb4 */ ;
/*!50003 SET collation_connection  = utf8mb4_0900_ai_ci */ ;
/*!50003 SET @saved_sql_mode       = @@sql_mode */ ;
/*!50003 SET sql_mode              = 'STRICT_TRANS_TABLES,NO_ENGINE_SUBSTITUTION' */ ;
DELIMITER ;;
/*!50003 CREATE*/ /*!50017 DEFINER=`root`@`localhost`*/ /*!50003 TRIGGER `insert_emp_pos` AFTER INSERT ON `emp_pos` FOR EACH ROW begin
	insert into arch_emp_pos
    values(new.id_worker, new.id_pos, now());
end */;;
DELIMITER ;
/*!50003 SET sql_mode              = @saved_sql_mode */ ;
/*!50003 SET character_set_client  = @saved_cs_client */ ;
/*!50003 SET character_set_results = @saved_cs_results */ ;
/*!50003 SET collation_connection  = @saved_col_connection */ ;
/*!50003 SET @saved_cs_client      = @@character_set_client */ ;
/*!50003 SET @saved_cs_results     = @@character_set_results */ ;
/*!50003 SET @saved_col_connection = @@collation_connection */ ;
/*!50003 SET character_set_client  = utf8mb4 */ ;
/*!50003 SET character_set_results = utf8mb4 */ ;
/*!50003 SET collation_connection  = utf8mb4_0900_ai_ci */ ;
/*!50003 SET @saved_sql_mode       = @@sql_mode */ ;
/*!50003 SET sql_mode              = 'STRICT_TRANS_TABLES,NO_ENGINE_SUBSTITUTION' */ ;
DELIMITER ;;
/*!50003 CREATE*/ /*!50017 DEFINER=`root`@`localhost`*/ /*!50003 TRIGGER `update_emp_pos` AFTER UPDATE ON `emp_pos` FOR EACH ROW begin
	insert into arch_emp_pos
    values(new.id_worker, new.id_pos, now());
end */;;
DELIMITER ;
/*!50003 SET sql_mode              = @saved_sql_mode */ ;
/*!50003 SET character_set_client  = @saved_cs_client */ ;
/*!50003 SET character_set_results = @saved_cs_results */ ;
/*!50003 SET collation_connection  = @saved_col_connection */ ;

--
-- Table structure for table `empl_tasks`
--

DROP TABLE IF EXISTS `empl_tasks`;
/*!40101 SET @saved_cs_client     = @@character_set_client */;
/*!50503 SET character_set_client = utf8mb4 */;
CREATE TABLE `empl_tasks` (
  `id_et` int NOT NULL AUTO_INCREMENT,
  `id_empl` int DEFAULT NULL,
  `id_serv_z` int DEFAULT NULL,
  `status_serv` enum('готово','выполняется','ожидание','отменено') DEFAULT NULL,
  `et_datetime` datetime DEFAULT NULL,
  PRIMARY KEY (`id_et`)
) ENGINE=InnoDB AUTO_INCREMENT=26 DEFAULT CHARSET=utf8mb4 COLLATE=utf8mb4_0900_ai_ci;
/*!40101 SET character_set_client = @saved_cs_client */;

--
-- Dumping data for table `empl_tasks`
--

LOCK TABLES `empl_tasks` WRITE;
/*!40000 ALTER TABLE `empl_tasks` DISABLE KEYS */;
INSERT INTO `empl_tasks` VALUES (10,12,47,'выполняется','2021-05-08 21:46:35'),(11,20,58,'выполняется','2021-05-08 21:50:48'),(12,20,58,'готово','2021-05-08 21:53:43'),(13,12,50,'выполняется','2021-05-08 21:55:48'),(14,12,50,'готово','2021-05-08 21:55:57'),(15,12,54,'выполняется','2021-05-11 14:45:14'),(16,12,60,'выполняется','2021-05-11 14:52:42'),(17,12,60,'готово','2021-05-11 14:53:11'),(18,12,47,'отменено','2021-05-11 18:03:29'),(19,12,54,'отменено','2021-05-11 18:25:25'),(20,12,47,'выполняется','2021-05-11 18:28:25'),(21,12,54,'выполняется','2021-05-11 18:35:19'),(22,12,67,'выполняется','2021-05-11 23:09:53'),(23,12,68,'выполняется','2021-05-11 23:10:01'),(24,12,67,'готово','2021-05-11 23:10:14'),(25,12,68,'готово','2021-05-11 23:10:19');
/*!40000 ALTER TABLE `empl_tasks` ENABLE KEYS */;
UNLOCK TABLES;

--
-- Table structure for table `employees`
--

DROP TABLE IF EXISTS `employees`;
/*!40101 SET @saved_cs_client     = @@character_set_client */;
/*!50503 SET character_set_client = utf8mb4 */;
CREATE TABLE `employees` (
  `id_empl` int NOT NULL AUTO_INCREMENT,
  `fio` varchar(150) DEFAULT NULL,
  `rental_date` date DEFAULT NULL,
  `rate` int unsigned DEFAULT NULL,
  `phone` varchar(12) DEFAULT NULL,
  PRIMARY KEY (`id_empl`),
  UNIQUE KEY `phone` (`phone`)
) ENGINE=InnoDB AUTO_INCREMENT=28 DEFAULT CHARSET=utf8mb4 COLLATE=utf8mb4_0900_ai_ci;
/*!40101 SET character_set_client = @saved_cs_client */;

--
-- Dumping data for table `employees`
--

LOCK TABLES `employees` WRITE;
/*!40000 ALTER TABLE `employees` DISABLE KEYS */;
INSERT INTO `employees` VALUES (12,'Иванов Иван Иванович','2000-01-01',123,'380660996622'),(16,'Чапаев Федор Артемович','2000-01-01',12345,'380935492432'),(20,'Лахта Семен Степанович','2000-01-01',535,'365743453443'),(25,'dfgndfklg','2020-01-02',5455,'123456789000'),(27,'Будко Михаил Александрович','2020-01-02',777,'3888006535');
/*!40000 ALTER TABLE `employees` ENABLE KEYS */;
UNLOCK TABLES;
/*!50003 SET @saved_cs_client      = @@character_set_client */ ;
/*!50003 SET @saved_cs_results     = @@character_set_results */ ;
/*!50003 SET @saved_col_connection = @@collation_connection */ ;
/*!50003 SET character_set_client  = utf8mb4 */ ;
/*!50003 SET character_set_results = utf8mb4 */ ;
/*!50003 SET collation_connection  = utf8mb4_0900_ai_ci */ ;
/*!50003 SET @saved_sql_mode       = @@sql_mode */ ;
/*!50003 SET sql_mode              = 'STRICT_TRANS_TABLES,NO_ENGINE_SUBSTITUTION' */ ;
DELIMITER ;;
/*!50003 CREATE*/ /*!50017 DEFINER=`root`@`localhost`*/ /*!50003 TRIGGER `insert_empl` AFTER INSERT ON `employees` FOR EACH ROW insert into arch_employees
    values(new.id_empl, new.fio, new.rental_date, new.rate, new.phone, 'принят', now()); */;;
DELIMITER ;
/*!50003 SET sql_mode              = @saved_sql_mode */ ;
/*!50003 SET character_set_client  = @saved_cs_client */ ;
/*!50003 SET character_set_results = @saved_cs_results */ ;
/*!50003 SET collation_connection  = @saved_col_connection */ ;
/*!50003 SET @saved_cs_client      = @@character_set_client */ ;
/*!50003 SET @saved_cs_results     = @@character_set_results */ ;
/*!50003 SET @saved_col_connection = @@collation_connection */ ;
/*!50003 SET character_set_client  = utf8mb4 */ ;
/*!50003 SET character_set_results = utf8mb4 */ ;
/*!50003 SET collation_connection  = utf8mb4_0900_ai_ci */ ;
/*!50003 SET @saved_sql_mode       = @@sql_mode */ ;
/*!50003 SET sql_mode              = 'STRICT_TRANS_TABLES,NO_ENGINE_SUBSTITUTION' */ ;
DELIMITER ;;
/*!50003 CREATE*/ /*!50017 DEFINER=`root`@`localhost`*/ /*!50003 TRIGGER `update_empl` AFTER UPDATE ON `employees` FOR EACH ROW begin
	insert into arch_employees
    values(old.id_empl, new.fio, new.rental_date, new.rate, new.phone, 'изменен', now());
end */;;
DELIMITER ;
/*!50003 SET sql_mode              = @saved_sql_mode */ ;
/*!50003 SET character_set_client  = @saved_cs_client */ ;
/*!50003 SET character_set_results = @saved_cs_results */ ;
/*!50003 SET collation_connection  = @saved_col_connection */ ;
/*!50003 SET @saved_cs_client      = @@character_set_client */ ;
/*!50003 SET @saved_cs_results     = @@character_set_results */ ;
/*!50003 SET @saved_col_connection = @@collation_connection */ ;
/*!50003 SET character_set_client  = utf8mb4 */ ;
/*!50003 SET character_set_results = utf8mb4 */ ;
/*!50003 SET collation_connection  = utf8mb4_0900_ai_ci */ ;
/*!50003 SET @saved_sql_mode       = @@sql_mode */ ;
/*!50003 SET sql_mode              = 'STRICT_TRANS_TABLES,NO_ENGINE_SUBSTITUTION' */ ;
DELIMITER ;;
/*!50003 CREATE*/ /*!50017 DEFINER=`root`@`localhost`*/ /*!50003 TRIGGER `delete_empl` BEFORE DELETE ON `employees` FOR EACH ROW begin
	insert into arch_employees
    values(old.id_empl, old.fio, old.rental_date, old.rate, old.phone, 'уволен', now());
end */;;
DELIMITER ;
/*!50003 SET sql_mode              = @saved_sql_mode */ ;
/*!50003 SET character_set_client  = @saved_cs_client */ ;
/*!50003 SET character_set_results = @saved_cs_results */ ;
/*!50003 SET collation_connection  = @saved_col_connection */ ;

--
-- Table structure for table `services`
--

DROP TABLE IF EXISTS `services`;
/*!40101 SET @saved_cs_client     = @@character_set_client */;
/*!50503 SET character_set_client = utf8mb4 */;
CREATE TABLE `services` (
  `id_serv` int NOT NULL AUTO_INCREMENT,
  `name_serv` varchar(150) NOT NULL,
  `price` int unsigned NOT NULL,
  `duration` time NOT NULL,
  PRIMARY KEY (`id_serv`)
) ENGINE=InnoDB AUTO_INCREMENT=7 DEFAULT CHARSET=utf8mb4 COLLATE=utf8mb4_0900_ai_ci;
/*!40101 SET character_set_client = @saved_cs_client */;

--
-- Dumping data for table `services`
--

LOCK TABLES `services` WRITE;
/*!40000 ALTER TABLE `services` DISABLE KEYS */;
INSERT INTO `services` VALUES (1,'Замена детали двигателя',250,'02:00:00'),(2,'Осмотр шасси',100,'01:00:00'),(3,'Осмотр двигателя',150,'01:30:00'),(4,'Шиномонтаж',50,'00:30:00'),(6,'Замена масла',50,'00:10:00');
/*!40000 ALTER TABLE `services` ENABLE KEYS */;
UNLOCK TABLES;

--
-- Table structure for table `services_z`
--

DROP TABLE IF EXISTS `services_z`;
/*!40101 SET @saved_cs_client     = @@character_set_client */;
/*!50503 SET character_set_client = utf8mb4 */;
CREATE TABLE `services_z` (
  `id_services_z` int NOT NULL AUTO_INCREMENT,
  `id_z` int NOT NULL,
  `id_serv` int NOT NULL,
  `id_zap` int DEFAULT NULL,
  `status_serv` enum('готово','выполняется','ожидание') DEFAULT 'ожидание',
  PRIMARY KEY (`id_services_z`),
  KEY `services_z_ibfk_1` (`id_z`),
  KEY `services_z_ibfk_2` (`id_serv`),
  KEY `services_z_ibfk_3_idx` (`id_zap`),
  CONSTRAINT `services_z_ibfk_1` FOREIGN KEY (`id_z`) REFERENCES `zakaz` (`id_z`) ON DELETE CASCADE,
  CONSTRAINT `services_z_ibfk_2` FOREIGN KEY (`id_serv`) REFERENCES `services` (`id_serv`) ON DELETE CASCADE,
  CONSTRAINT `services_z_ibfk_3` FOREIGN KEY (`id_zap`) REFERENCES `zapchasti_sklad` (`id_zap`)
) ENGINE=InnoDB AUTO_INCREMENT=73 DEFAULT CHARSET=utf8mb4 COLLATE=utf8mb4_0900_ai_ci;
/*!40101 SET character_set_client = @saved_cs_client */;

--
-- Dumping data for table `services_z`
--

LOCK TABLES `services_z` WRITE;
/*!40000 ALTER TABLE `services_z` DISABLE KEYS */;
INSERT INTO `services_z` VALUES (70,79,1,1976,'ожидание'),(71,79,1,NULL,'ожидание'),(72,79,1,NULL,'ожидание');
/*!40000 ALTER TABLE `services_z` ENABLE KEYS */;
UNLOCK TABLES;

--
-- Table structure for table `shedule_`
--

DROP TABLE IF EXISTS `shedule_`;
/*!40101 SET @saved_cs_client     = @@character_set_client */;
/*!50503 SET character_set_client = utf8mb4 */;
CREATE TABLE `shedule_` (
  `id_shedule` int NOT NULL AUTO_INCREMENT,
  `id_date` int NOT NULL,
  `id_time` int NOT NULL,
  `id_serv_z` int NOT NULL,
  `id_empl` int NOT NULL,
  PRIMARY KEY (`id_shedule`),
  KEY `id_date` (`id_date`),
  KEY `id_time` (`id_time`),
  KEY `id_serv_z` (`id_serv_z`),
  KEY `id_empl` (`id_empl`),
  CONSTRAINT `shedule__ibfk_1` FOREIGN KEY (`id_date`) REFERENCES `timetable_date` (`id_date`) ON DELETE CASCADE,
  CONSTRAINT `shedule__ibfk_2` FOREIGN KEY (`id_time`) REFERENCES `timetable_time` (`id_time`) ON DELETE CASCADE,
  CONSTRAINT `shedule__ibfk_3` FOREIGN KEY (`id_serv_z`) REFERENCES `services_z` (`id_services_z`) ON DELETE CASCADE,
  CONSTRAINT `shedule__ibfk_4` FOREIGN KEY (`id_empl`) REFERENCES `employees` (`id_empl`) ON DELETE CASCADE
) ENGINE=InnoDB AUTO_INCREMENT=34 DEFAULT CHARSET=utf8mb4 COLLATE=utf8mb4_0900_ai_ci;
/*!40101 SET character_set_client = @saved_cs_client */;

--
-- Dumping data for table `shedule_`
--

LOCK TABLES `shedule_` WRITE;
/*!40000 ALTER TABLE `shedule_` DISABLE KEYS */;
/*!40000 ALTER TABLE `shedule_` ENABLE KEYS */;
UNLOCK TABLES;

--
-- Table structure for table `specialization`
--

DROP TABLE IF EXISTS `specialization`;
/*!40101 SET @saved_cs_client     = @@character_set_client */;
/*!50503 SET character_set_client = utf8mb4 */;
CREATE TABLE `specialization` (
  `id_spec` int NOT NULL AUTO_INCREMENT,
  `name_spec` varchar(200) NOT NULL,
  PRIMARY KEY (`id_spec`)
) ENGINE=InnoDB AUTO_INCREMENT=8 DEFAULT CHARSET=utf8mb4 COLLATE=utf8mb4_0900_ai_ci;
/*!40101 SET character_set_client = @saved_cs_client */;

--
-- Dumping data for table `specialization`
--

LOCK TABLES `specialization` WRITE;
/*!40000 ALTER TABLE `specialization` DISABLE KEYS */;
INSERT INTO `specialization` VALUES (1,'моторист'),(2,'электрик'),(5,'шиномонтажник');
/*!40000 ALTER TABLE `specialization` ENABLE KEYS */;
UNLOCK TABLES;

--
-- Table structure for table `timetable_date`
--

DROP TABLE IF EXISTS `timetable_date`;
/*!40101 SET @saved_cs_client     = @@character_set_client */;
/*!50503 SET character_set_client = utf8mb4 */;
CREATE TABLE `timetable_date` (
  `id_date` int NOT NULL AUTO_INCREMENT,
  `work_date` date NOT NULL,
  PRIMARY KEY (`id_date`),
  UNIQUE KEY `work_date_UNIQUE` (`work_date`)
) ENGINE=InnoDB AUTO_INCREMENT=91 DEFAULT CHARSET=utf8mb4 COLLATE=utf8mb4_0900_ai_ci;
/*!40101 SET character_set_client = @saved_cs_client */;

--
-- Dumping data for table `timetable_date`
--

LOCK TABLES `timetable_date` WRITE;
/*!40000 ALTER TABLE `timetable_date` DISABLE KEYS */;
/*!40000 ALTER TABLE `timetable_date` ENABLE KEYS */;
UNLOCK TABLES;

--
-- Table structure for table `timetable_time`
--

DROP TABLE IF EXISTS `timetable_time`;
/*!40101 SET @saved_cs_client     = @@character_set_client */;
/*!50503 SET character_set_client = utf8mb4 */;
CREATE TABLE `timetable_time` (
  `id_time` int NOT NULL AUTO_INCREMENT,
  `work_time` time DEFAULT NULL,
  PRIMARY KEY (`id_time`)
) ENGINE=InnoDB AUTO_INCREMENT=12 DEFAULT CHARSET=utf8mb4 COLLATE=utf8mb4_0900_ai_ci;
/*!40101 SET character_set_client = @saved_cs_client */;

--
-- Dumping data for table `timetable_time`
--

LOCK TABLES `timetable_time` WRITE;
/*!40000 ALTER TABLE `timetable_time` DISABLE KEYS */;
INSERT INTO `timetable_time` VALUES (1,'09:00:00'),(2,'10:00:00'),(3,'11:00:00'),(4,'12:00:00'),(5,'13:00:00'),(6,'14:00:00'),(7,'15:00:00'),(8,'16:00:00'),(9,'17:00:00'),(10,'18:00:00'),(11,'19:00:00');
/*!40000 ALTER TABLE `timetable_time` ENABLE KEYS */;
UNLOCK TABLES;

--
-- Table structure for table `zakaz`
--

DROP TABLE IF EXISTS `zakaz`;
/*!40101 SET @saved_cs_client     = @@character_set_client */;
/*!50503 SET character_set_client = utf8mb4 */;
CREATE TABLE `zakaz` (
  `id_z` int NOT NULL AUTO_INCREMENT,
  `id_cust` int NOT NULL,
  `id_car` int NOT NULL,
  `gov_number` varchar(8) NOT NULL,
  `date_z` datetime NOT NULL,
  `finish_date_z` datetime NOT NULL,
  `vincode` varchar(17) NOT NULL,
  `enginecode` varchar(45) NOT NULL,
  `milleage` int NOT NULL,
  `prod_year` int NOT NULL,
  PRIMARY KEY (`id_z`),
  KEY `id_cust` (`id_cust`),
  KEY `id_car` (`id_car`),
  CONSTRAINT `zakaz_ibfk_1` FOREIGN KEY (`id_cust`) REFERENCES `customer` (`id_cust`) ON DELETE CASCADE,
  CONSTRAINT `zakaz_ibfk_2` FOREIGN KEY (`id_car`) REFERENCES `car` (`id_car`) ON DELETE CASCADE
) ENGINE=InnoDB AUTO_INCREMENT=80 DEFAULT CHARSET=utf8mb4 COLLATE=utf8mb4_0900_ai_ci;
/*!40101 SET character_set_client = @saved_cs_client */;

--
-- Dumping data for table `zakaz`
--

LOCK TABLES `zakaz` WRITE;
/*!40000 ALTER TABLE `zakaz` DISABLE KEYS */;
INSERT INTO `zakaz` VALUES (79,11,135,'sdkfmsdl','2021-05-11 22:41:47','2021-05-12 04:41:47','svd','sdfsdf',34,1234);
/*!40000 ALTER TABLE `zakaz` ENABLE KEYS */;
UNLOCK TABLES;
/*!50003 SET @saved_cs_client      = @@character_set_client */ ;
/*!50003 SET @saved_cs_results     = @@character_set_results */ ;
/*!50003 SET @saved_col_connection = @@collation_connection */ ;
/*!50003 SET character_set_client  = utf8mb4 */ ;
/*!50003 SET character_set_results = utf8mb4 */ ;
/*!50003 SET collation_connection  = utf8mb4_0900_ai_ci */ ;
/*!50003 SET @saved_sql_mode       = @@sql_mode */ ;
/*!50003 SET sql_mode              = 'STRICT_TRANS_TABLES,NO_ENGINE_SUBSTITUTION' */ ;
DELIMITER ;;
/*!50003 CREATE*/ /*!50017 DEFINER=`root`@`localhost`*/ /*!50003 TRIGGER `insert_zakaz` AFTER INSERT ON `zakaz` FOR EACH ROW begin
	insert into arch_zakaz 
    select *, now(), 'принят' from zakaz where id_z = new.id_z;
end */;;
DELIMITER ;
/*!50003 SET sql_mode              = @saved_sql_mode */ ;
/*!50003 SET character_set_client  = @saved_cs_client */ ;
/*!50003 SET character_set_results = @saved_cs_results */ ;
/*!50003 SET collation_connection  = @saved_col_connection */ ;

--
-- Table structure for table `zapchasti_sklad`
--

DROP TABLE IF EXISTS `zapchasti_sklad`;
/*!40101 SET @saved_cs_client     = @@character_set_client */;
/*!50503 SET character_set_client = utf8mb4 */;
CREATE TABLE `zapchasti_sklad` (
  `id_zap` int NOT NULL AUTO_INCREMENT,
  `kol_vo_zap` int DEFAULT NULL,
  `id_car` int NOT NULL,
  `name_zap` varchar(300) NOT NULL,
  `cost_zap` int NOT NULL,
  PRIMARY KEY (`id_zap`),
  KEY `id_car` (`id_car`),
  CONSTRAINT `zapchasti_sklad_ibfk_1` FOREIGN KEY (`id_car`) REFERENCES `car` (`id_car`) ON DELETE CASCADE
) ENGINE=InnoDB AUTO_INCREMENT=2945 DEFAULT CHARSET=utf8mb4 COLLATE=utf8mb4_0900_ai_ci;
/*!40101 SET character_set_client = @saved_cs_client */;

--
-- Dumping data for table `zapchasti_sklad`
--

LOCK TABLES `zapchasti_sklad` WRITE;
/*!40000 ALTER TABLE `zapchasti_sklad` DISABLE KEYS */;
INSERT INTO `zapchasti_sklad` VALUES (1,3,1,'Балансировочный вал',25000),(2,920,1,'Балансировочный вал',16112),(3,976,2,'Балансировочный вал',10002),(4,409,3,'Балансировочный вал',16600),(5,773,4,'Балансировочный вал',11234),(6,161,5,'Балансировочный вал',1594),(7,507,6,'Балансировочный вал',7959),(8,402,7,'Балансировочный вал',702),(9,344,8,'Балансировочный вал',22156),(10,168,9,'Балансировочный вал',16965),(11,504,10,'Балансировочный вал',10902),(12,430,11,'Балансировочный вал',24128),(13,967,12,'Балансировочный вал',8264),(14,512,13,'Балансировочный вал',11405),(15,79,14,'Балансировочный вал',6285),(16,128,15,'Балансировочный вал',18636),(17,124,16,'Балансировочный вал',13576),(18,70,17,'Балансировочный вал',24733),(19,76,18,'Балансировочный вал',8105),(20,134,19,'Балансировочный вал',22370),(21,308,20,'Балансировочный вал',6876),(22,460,21,'Балансировочный вал',21521),(23,909,22,'Балансировочный вал',12708),(24,366,23,'Балансировочный вал',6017),(25,435,24,'Балансировочный вал',23988),(26,145,25,'Балансировочный вал',19333),(27,387,26,'Балансировочный вал',15264),(28,114,27,'Балансировочный вал',1386),(29,103,28,'Балансировочный вал',19586),(30,935,29,'Балансировочный вал',1508),(31,592,30,'Балансировочный вал',14827),(32,758,31,'Балансировочный вал',21244),(33,284,32,'Балансировочный вал',21154),(34,770,33,'Балансировочный вал',7172),(35,897,34,'Балансировочный вал',4936),(36,533,35,'Балансировочный вал',20547),(37,361,36,'Балансировочный вал',14438),(38,833,37,'Балансировочный вал',21341),(39,594,38,'Балансировочный вал',10227),(40,327,39,'Балансировочный вал',3466),(41,259,40,'Балансировочный вал',24138),(42,20,41,'Балансировочный вал',1333),(43,229,42,'Балансировочный вал',21407),(44,126,43,'Балансировочный вал',18661),(45,144,44,'Балансировочный вал',20184),(46,348,45,'Балансировочный вал',20921),(47,649,46,'Балансировочный вал',23133),(48,277,47,'Балансировочный вал',17529),(49,105,48,'Балансировочный вал',24090),(50,565,49,'Балансировочный вал',4274),(51,868,50,'Балансировочный вал',9201),(52,112,51,'Балансировочный вал',16359),(53,341,52,'Балансировочный вал',10348),(54,465,53,'Балансировочный вал',9149),(55,849,54,'Балансировочный вал',22598),(56,686,55,'Балансировочный вал',8809),(57,642,56,'Балансировочный вал',9507),(58,814,57,'Балансировочный вал',696),(59,646,58,'Балансировочный вал',14994),(60,188,59,'Балансировочный вал',12757),(61,780,60,'Балансировочный вал',10472),(62,106,61,'Балансировочный вал',12010),(63,785,62,'Балансировочный вал',1350),(64,782,63,'Балансировочный вал',6892),(65,595,64,'Балансировочный вал',20628),(66,873,65,'Балансировочный вал',16874),(67,199,66,'Балансировочный вал',18630),(68,582,67,'Балансировочный вал',17963),(69,813,68,'Балансировочный вал',4516),(70,686,69,'Балансировочный вал',13800),(71,682,70,'Балансировочный вал',19321),(72,45,71,'Балансировочный вал',13876),(73,261,72,'Балансировочный вал',21596),(74,833,73,'Балансировочный вал',2515),(75,359,74,'Балансировочный вал',5123),(76,298,75,'Балансировочный вал',20601),(77,994,76,'Балансировочный вал',13776),(78,614,77,'Балансировочный вал',7203),(79,744,78,'Балансировочный вал',13781),(80,113,79,'Балансировочный вал',21465),(81,82,80,'Балансировочный вал',23484),(82,270,81,'Балансировочный вал',20050),(83,57,82,'Балансировочный вал',679),(84,46,83,'Балансировочный вал',5778),(85,13,84,'Балансировочный вал',9528),(86,434,85,'Балансировочный вал',20919),(87,151,86,'Балансировочный вал',1516),(88,914,87,'Балансировочный вал',5300),(89,922,88,'Балансировочный вал',12548),(90,337,89,'Балансировочный вал',16625),(91,498,90,'Балансировочный вал',4307),(92,822,91,'Балансировочный вал',20928),(93,82,92,'Балансировочный вал',13752),(94,122,93,'Балансировочный вал',22468),(95,968,94,'Балансировочный вал',21051),(96,298,95,'Балансировочный вал',21902),(97,315,96,'Балансировочный вал',23899),(98,159,97,'Балансировочный вал',13433),(99,427,98,'Балансировочный вал',20085),(100,606,99,'Балансировочный вал',20782),(101,775,100,'Балансировочный вал',8406),(102,938,101,'Балансировочный вал',168),(103,110,102,'Балансировочный вал',21385),(104,13,103,'Балансировочный вал',12934),(105,577,104,'Балансировочный вал',8307),(106,456,105,'Балансировочный вал',20590),(107,963,106,'Балансировочный вал',9770),(108,549,107,'Балансировочный вал',1991),(109,25,108,'Балансировочный вал',13305),(110,146,109,'Балансировочный вал',391),(111,182,110,'Балансировочный вал',3727),(112,296,111,'Балансировочный вал',1102),(113,476,112,'Балансировочный вал',10926),(114,334,113,'Балансировочный вал',10989),(115,199,114,'Балансировочный вал',20189),(116,818,115,'Балансировочный вал',10546),(117,464,116,'Балансировочный вал',23422),(118,315,117,'Балансировочный вал',2838),(119,881,118,'Балансировочный вал',9622),(120,864,119,'Балансировочный вал',9673),(121,984,120,'Балансировочный вал',24533),(122,209,121,'Балансировочный вал',793),(123,87,122,'Балансировочный вал',9712),(124,205,123,'Балансировочный вал',20377),(125,273,124,'Балансировочный вал',9402),(126,958,125,'Балансировочный вал',11380),(127,480,126,'Балансировочный вал',24830),(128,868,127,'Балансировочный вал',16347),(129,412,128,'Балансировочный вал',21450),(130,596,129,'Балансировочный вал',18141),(131,156,130,'Балансировочный вал',19991),(132,420,131,'Балансировочный вал',17625),(133,742,132,'Балансировочный вал',15046),(134,162,133,'Балансировочный вал',12024),(135,411,134,'Балансировочный вал',674),(136,765,135,'Балансировочный вал',3922),(137,413,136,'Балансировочный вал',3316),(138,426,137,'Балансировочный вал',2122),(139,642,138,'Балансировочный вал',9476),(140,975,139,'Балансировочный вал',13723),(141,850,140,'Балансировочный вал',8074),(142,78,141,'Балансировочный вал',13593),(143,296,142,'Балансировочный вал',13972),(144,416,143,'Балансировочный вал',9094),(145,449,144,'Балансировочный вал',11397),(146,560,145,'Балансировочный вал',3799),(147,167,146,'Балансировочный вал',13671),(148,496,147,'Балансировочный вал',13083),(149,222,148,'Балансировочный вал',15970),(150,886,149,'Балансировочный вал',2500),(151,309,150,'Балансировочный вал',5085),(152,567,151,'Балансировочный вал',14773),(153,274,152,'Балансировочный вал',19299),(154,619,153,'Балансировочный вал',8167),(155,592,154,'Балансировочный вал',17320),(156,750,155,'Балансировочный вал',5891),(157,211,156,'Балансировочный вал',11489),(158,668,157,'Балансировочный вал',16430),(159,538,158,'Балансировочный вал',3628),(160,370,159,'Балансировочный вал',16447),(161,347,160,'Балансировочный вал',19531),(162,914,161,'Балансировочный вал',13081),(163,753,162,'Балансировочный вал',13505),(164,314,163,'Балансировочный вал',10581),(165,826,164,'Балансировочный вал',5555),(166,574,165,'Балансировочный вал',23703),(167,443,166,'Балансировочный вал',20813),(168,442,167,'Балансировочный вал',16090),(169,373,168,'Балансировочный вал',22453),(170,466,169,'Балансировочный вал',22195),(171,972,170,'Балансировочный вал',9058),(172,418,171,'Балансировочный вал',4328),(173,569,172,'Балансировочный вал',20299),(174,236,173,'Балансировочный вал',16902),(175,74,174,'Балансировочный вал',18686),(176,777,175,'Балансировочный вал',19554),(177,885,176,'Балансировочный вал',5331),(178,59,177,'Балансировочный вал',23547),(179,225,178,'Балансировочный вал',14939),(180,386,179,'Балансировочный вал',4189),(181,957,180,'Балансировочный вал',1359),(182,167,181,'Балансировочный вал',24641),(183,953,182,'Балансировочный вал',16937),(184,919,183,'Балансировочный вал',18052),(185,433,184,'Балансировочный вал',16586),(186,470,185,'Балансировочный вал',21789),(187,365,186,'Балансировочный вал',13424),(188,645,187,'Балансировочный вал',11786),(189,951,188,'Балансировочный вал',10768),(190,808,189,'Балансировочный вал',19596),(191,122,190,'Балансировочный вал',11177),(192,145,191,'Балансировочный вал',7636),(193,262,192,'Балансировочный вал',528),(194,611,193,'Балансировочный вал',4904),(195,119,194,'Балансировочный вал',7794),(196,396,195,'Балансировочный вал',19768),(197,723,196,'Балансировочный вал',12345),(198,364,197,'Балансировочный вал',1047),(199,854,198,'Балансировочный вал',24329),(200,256,199,'Балансировочный вал',6066),(201,936,200,'Балансировочный вал',24435),(202,771,201,'Балансировочный вал',20434),(203,545,202,'Балансировочный вал',20474),(204,721,203,'Балансировочный вал',18489),(205,6,204,'Балансировочный вал',23380),(206,794,205,'Балансировочный вал',18181),(207,597,206,'Балансировочный вал',16581),(208,544,207,'Балансировочный вал',23284),(209,763,208,'Балансировочный вал',6371),(210,793,209,'Балансировочный вал',14133),(211,962,210,'Балансировочный вал',12341),(212,173,211,'Балансировочный вал',1029),(213,762,212,'Балансировочный вал',2177),(214,562,213,'Балансировочный вал',6474),(215,827,214,'Балансировочный вал',9863),(216,113,215,'Балансировочный вал',13988),(217,529,216,'Балансировочный вал',17238),(218,955,217,'Балансировочный вал',21879),(219,730,218,'Балансировочный вал',19357),(220,884,219,'Балансировочный вал',1710),(221,746,220,'Балансировочный вал',14557),(222,177,221,'Балансировочный вал',12317),(223,799,222,'Балансировочный вал',5511),(224,788,223,'Балансировочный вал',22434),(225,996,224,'Балансировочный вал',14826),(226,356,225,'Балансировочный вал',13844),(227,34,226,'Балансировочный вал',5156),(228,885,227,'Балансировочный вал',4434),(229,586,228,'Балансировочный вал',21793),(230,747,229,'Балансировочный вал',6153),(231,454,230,'Балансировочный вал',2565),(232,190,231,'Балансировочный вал',21536),(233,512,232,'Балансировочный вал',21767),(234,3,233,'Балансировочный вал',23161),(235,853,234,'Балансировочный вал',16161),(236,916,235,'Балансировочный вал',10870),(237,526,236,'Балансировочный вал',19012),(238,762,237,'Балансировочный вал',17596),(239,903,238,'Балансировочный вал',5691),(240,28,239,'Балансировочный вал',12860),(241,968,240,'Балансировочный вал',13540),(242,735,241,'Балансировочный вал',11536),(243,612,242,'Балансировочный вал',10262),(244,689,243,'Балансировочный вал',857),(245,975,244,'Балансировочный вал',730),(246,58,245,'Балансировочный вал',23902),(247,469,246,'Балансировочный вал',21505),(248,678,247,'Балансировочный вал',22456),(249,945,248,'Балансировочный вал',8726),(250,596,249,'Балансировочный вал',5523),(251,767,250,'Балансировочный вал',8354),(252,325,251,'Балансировочный вал',18065),(253,601,252,'Балансировочный вал',18224),(254,670,253,'Балансировочный вал',22554),(255,963,254,'Балансировочный вал',22316),(256,728,255,'Балансировочный вал',18164),(257,462,256,'Балансировочный вал',8667),(258,818,257,'Балансировочный вал',23978),(259,97,258,'Балансировочный вал',16273),(260,503,259,'Балансировочный вал',8349),(261,122,260,'Балансировочный вал',276),(262,797,261,'Балансировочный вал',24500),(263,278,262,'Балансировочный вал',9140),(264,170,263,'Балансировочный вал',4798),(265,431,264,'Балансировочный вал',4956),(266,59,265,'Балансировочный вал',3073),(267,246,266,'Балансировочный вал',12301),(268,544,267,'Балансировочный вал',4555),(269,581,268,'Балансировочный вал',3755),(270,917,269,'Балансировочный вал',4684),(271,62,270,'Балансировочный вал',4510),(272,978,271,'Балансировочный вал',24601),(273,676,272,'Балансировочный вал',20822),(274,793,273,'Балансировочный вал',16503),(275,294,274,'Балансировочный вал',1463),(276,832,275,'Балансировочный вал',17402),(277,457,276,'Балансировочный вал',5306),(278,78,277,'Балансировочный вал',7474),(279,176,278,'Балансировочный вал',14585),(280,734,279,'Балансировочный вал',12579),(281,63,280,'Балансировочный вал',8159),(282,514,281,'Балансировочный вал',9607),(283,333,282,'Балансировочный вал',11282),(284,124,283,'Балансировочный вал',19961),(285,209,284,'Балансировочный вал',21573),(286,945,285,'Балансировочный вал',11109),(287,526,286,'Балансировочный вал',9412),(288,94,287,'Балансировочный вал',835),(289,180,288,'Балансировочный вал',14069),(290,444,289,'Балансировочный вал',16866),(291,751,290,'Балансировочный вал',21599),(292,58,291,'Балансировочный вал',460),(293,588,292,'Балансировочный вал',763),(294,212,293,'Балансировочный вал',23823),(295,96,294,'Балансировочный вал',6000),(296,922,295,'Балансировочный вал',9816),(297,817,296,'Балансировочный вал',7839),(298,529,297,'Балансировочный вал',16293),(299,249,298,'Балансировочный вал',12190),(300,686,299,'Балансировочный вал',3404),(301,30,300,'Балансировочный вал',15666),(302,461,301,'Балансировочный вал',13996),(303,972,302,'Балансировочный вал',4246),(304,749,303,'Балансировочный вал',12316),(305,192,304,'Балансировочный вал',9198),(306,643,305,'Балансировочный вал',17940),(307,835,306,'Балансировочный вал',18231),(308,208,307,'Балансировочный вал',22619),(309,474,308,'Балансировочный вал',10252),(310,386,309,'Балансировочный вал',14550),(311,413,310,'Балансировочный вал',840),(312,336,311,'Балансировочный вал',5680),(313,808,312,'Балансировочный вал',23717),(314,818,313,'Балансировочный вал',4431),(315,558,314,'Балансировочный вал',22780),(316,412,315,'Балансировочный вал',15134),(317,120,316,'Балансировочный вал',7742),(318,47,317,'Балансировочный вал',22662),(319,731,318,'Балансировочный вал',14867),(320,732,319,'Балансировочный вал',14282),(321,502,320,'Балансировочный вал',1795),(322,991,321,'Балансировочный вал',14340),(323,46,322,'Балансировочный вал',20213),(324,484,323,'Балансировочный вал',23224),(325,355,324,'Балансировочный вал',9007),(326,854,325,'Балансировочный вал',4176),(327,622,326,'Балансировочный вал',19518),(328,409,327,'Балансировочный вал',15090),(329,3,328,'Балансировочный вал',19952),(330,956,329,'Балансировочный вал',11962),(331,88,330,'Балансировочный вал',24702),(332,283,331,'Балансировочный вал',17563),(333,729,332,'Балансировочный вал',14615),(334,285,333,'Балансировочный вал',21197),(335,791,334,'Балансировочный вал',9146),(336,987,335,'Балансировочный вал',6790),(337,61,336,'Балансировочный вал',13925),(338,336,337,'Балансировочный вал',16071),(339,835,338,'Балансировочный вал',23284),(340,851,339,'Балансировочный вал',5380),(341,576,340,'Балансировочный вал',19200),(342,182,341,'Балансировочный вал',9646),(343,493,342,'Балансировочный вал',12724),(344,453,343,'Балансировочный вал',20103),(345,586,344,'Балансировочный вал',13322),(346,721,345,'Балансировочный вал',2455),(347,929,346,'Балансировочный вал',4165),(348,591,347,'Балансировочный вал',10618),(349,302,348,'Балансировочный вал',3606),(350,873,349,'Балансировочный вал',5860),(351,700,350,'Балансировочный вал',18076),(352,510,351,'Балансировочный вал',8134),(353,625,352,'Балансировочный вал',2863),(354,126,353,'Балансировочный вал',3306),(355,78,354,'Балансировочный вал',13999),(356,41,355,'Балансировочный вал',7735),(357,460,356,'Балансировочный вал',14794),(358,418,357,'Балансировочный вал',21585),(359,83,358,'Балансировочный вал',16289),(360,245,359,'Балансировочный вал',13022),(361,218,360,'Балансировочный вал',12107),(362,375,361,'Балансировочный вал',18910),(363,114,362,'Балансировочный вал',3104),(364,412,363,'Балансировочный вал',8576),(365,305,364,'Балансировочный вал',20560),(366,484,365,'Балансировочный вал',23975),(367,631,366,'Балансировочный вал',6444),(368,580,367,'Балансировочный вал',8918),(369,795,368,'Балансировочный вал',14351),(370,663,369,'Балансировочный вал',16474),(371,138,370,'Балансировочный вал',6873),(372,950,371,'Балансировочный вал',14860),(373,624,372,'Балансировочный вал',3447),(374,354,373,'Балансировочный вал',313),(375,971,374,'Балансировочный вал',8034),(376,663,375,'Балансировочный вал',24972),(377,849,376,'Балансировочный вал',7370),(378,638,377,'Балансировочный вал',24273),(379,13,378,'Балансировочный вал',13426),(380,291,379,'Балансировочный вал',15578),(381,831,380,'Балансировочный вал',16767),(382,49,381,'Балансировочный вал',6649),(383,764,382,'Балансировочный вал',22922),(384,682,383,'Балансировочный вал',4078),(385,153,384,'Балансировочный вал',816),(386,90,385,'Балансировочный вал',13371),(387,149,386,'Балансировочный вал',21315),(388,387,387,'Балансировочный вал',8932),(389,629,388,'Балансировочный вал',24501),(390,525,389,'Балансировочный вал',147),(391,886,390,'Балансировочный вал',16914),(392,959,391,'Балансировочный вал',9605),(393,373,392,'Балансировочный вал',24072),(394,634,393,'Балансировочный вал',10557),(395,67,394,'Балансировочный вал',6574),(396,981,395,'Балансировочный вал',14412),(397,260,396,'Балансировочный вал',17817),(398,231,397,'Балансировочный вал',16722),(399,641,398,'Балансировочный вал',20672),(400,761,399,'Балансировочный вал',21624),(401,675,400,'Балансировочный вал',23403),(402,273,401,'Балансировочный вал',24033),(403,141,402,'Балансировочный вал',11099),(404,654,403,'Балансировочный вал',18828),(405,234,404,'Балансировочный вал',4639),(406,246,405,'Балансировочный вал',778),(407,427,406,'Балансировочный вал',12630),(408,299,407,'Балансировочный вал',23053),(409,491,408,'Балансировочный вал',20953),(410,739,409,'Балансировочный вал',482),(411,507,410,'Балансировочный вал',10649),(412,33,411,'Балансировочный вал',12899),(413,815,412,'Балансировочный вал',2545),(414,379,413,'Балансировочный вал',17074),(415,633,414,'Балансировочный вал',7590),(416,786,415,'Балансировочный вал',23448),(417,845,416,'Балансировочный вал',8580),(418,880,417,'Балансировочный вал',16712),(419,252,418,'Балансировочный вал',24537),(420,420,419,'Балансировочный вал',15469),(421,644,420,'Балансировочный вал',12232),(422,198,421,'Балансировочный вал',11566),(423,172,422,'Балансировочный вал',20821),(424,367,423,'Балансировочный вал',7661),(425,311,424,'Балансировочный вал',19700),(426,917,425,'Балансировочный вал',19998),(427,970,426,'Балансировочный вал',4171),(428,353,427,'Балансировочный вал',22861),(429,885,428,'Балансировочный вал',23535),(430,90,429,'Балансировочный вал',9803),(431,371,430,'Балансировочный вал',7847),(432,71,431,'Балансировочный вал',10440),(433,527,432,'Балансировочный вал',10987),(434,361,433,'Балансировочный вал',12546),(435,141,434,'Балансировочный вал',12730),(436,844,435,'Балансировочный вал',11829),(437,975,436,'Балансировочный вал',11155),(438,913,437,'Балансировочный вал',17993),(439,612,438,'Балансировочный вал',20246),(440,265,439,'Балансировочный вал',20445),(441,449,440,'Балансировочный вал',1780),(442,236,441,'Балансировочный вал',7615),(443,274,442,'Балансировочный вал',19536),(444,631,443,'Балансировочный вал',17014),(445,888,444,'Балансировочный вал',17694),(446,666,445,'Балансировочный вал',13350),(447,901,446,'Балансировочный вал',21764),(448,10,447,'Балансировочный вал',19064),(449,218,448,'Балансировочный вал',2352),(450,57,449,'Балансировочный вал',11408),(451,573,450,'Балансировочный вал',11613),(452,606,451,'Балансировочный вал',18616),(453,10,452,'Балансировочный вал',11794),(454,712,453,'Балансировочный вал',1193),(455,74,454,'Балансировочный вал',8643),(456,710,455,'Балансировочный вал',16484),(457,291,456,'Балансировочный вал',2916),(458,977,457,'Балансировочный вал',18514),(459,749,458,'Балансировочный вал',11795),(460,683,459,'Балансировочный вал',3418),(461,697,460,'Балансировочный вал',11345),(462,201,461,'Балансировочный вал',4416),(463,301,462,'Балансировочный вал',19475),(464,910,463,'Балансировочный вал',13515),(465,652,464,'Балансировочный вал',22503),(466,535,465,'Балансировочный вал',4468),(467,171,466,'Балансировочный вал',12202),(468,40,467,'Балансировочный вал',2972),(469,613,468,'Балансировочный вал',8449),(470,745,469,'Балансировочный вал',18698),(471,956,470,'Балансировочный вал',23311),(472,673,471,'Балансировочный вал',11451),(473,127,472,'Балансировочный вал',13066),(474,96,473,'Балансировочный вал',16141),(475,565,474,'Балансировочный вал',3751),(476,493,475,'Балансировочный вал',18217),(477,200,476,'Балансировочный вал',14565),(478,757,477,'Балансировочный вал',24596),(479,735,478,'Балансировочный вал',17919),(480,820,479,'Балансировочный вал',12237),(481,247,480,'Балансировочный вал',13464),(482,31,481,'Балансировочный вал',5420),(483,144,482,'Балансировочный вал',3596),(484,61,483,'Балансировочный вал',2876),(485,281,484,'Балансировочный вал',19865),(486,849,485,'Балансировочный вал',22841),(487,152,486,'Балансировочный вал',10509),(488,798,487,'Балансировочный вал',4370),(489,430,488,'Балансировочный вал',4090),(490,657,489,'Балансировочный вал',1712),(491,402,490,'Балансировочный вал',19023),(492,862,491,'Балансировочный вал',13935),(493,291,492,'Балансировочный вал',21064),(494,400,493,'Балансировочный вал',3560),(495,884,494,'Балансировочный вал',7475),(496,587,495,'Балансировочный вал',5517),(497,252,496,'Балансировочный вал',21960),(498,510,497,'Балансировочный вал',2294),(499,302,498,'Балансировочный вал',10968),(500,647,499,'Балансировочный вал',16186),(501,878,500,'Балансировочный вал',17066),(502,534,501,'Балансировочный вал',523),(503,826,502,'Балансировочный вал',15069),(504,572,503,'Балансировочный вал',10905),(505,300,504,'Балансировочный вал',3150),(506,70,505,'Балансировочный вал',5879),(507,550,506,'Балансировочный вал',4727),(508,552,507,'Балансировочный вал',21727),(509,907,508,'Балансировочный вал',2240),(510,838,509,'Балансировочный вал',21582),(511,553,510,'Балансировочный вал',9580),(512,764,511,'Балансировочный вал',19826),(513,494,512,'Балансировочный вал',14891),(514,495,513,'Балансировочный вал',447),(515,82,514,'Балансировочный вал',11721),(516,828,515,'Балансировочный вал',19747),(517,408,516,'Балансировочный вал',23412),(518,548,517,'Балансировочный вал',1926),(519,197,518,'Балансировочный вал',5424),(520,902,519,'Балансировочный вал',23686),(521,206,520,'Балансировочный вал',17466),(522,178,521,'Балансировочный вал',6216),(523,863,522,'Балансировочный вал',10977),(524,281,523,'Балансировочный вал',22282),(525,878,524,'Балансировочный вал',763),(526,639,525,'Балансировочный вал',13268),(527,374,526,'Балансировочный вал',11708),(528,817,527,'Балансировочный вал',1177),(529,784,528,'Балансировочный вал',17663),(530,39,529,'Балансировочный вал',11012),(531,613,530,'Балансировочный вал',16830),(532,860,531,'Балансировочный вал',10165),(533,299,532,'Балансировочный вал',15329),(534,688,533,'Балансировочный вал',2386),(535,565,534,'Балансировочный вал',6823),(536,547,535,'Балансировочный вал',12966),(537,217,536,'Балансировочный вал',11478),(538,215,537,'Балансировочный вал',2027),(539,263,538,'Балансировочный вал',13168),(540,486,539,'Балансировочный вал',14909),(541,706,540,'Балансировочный вал',22195),(542,462,541,'Балансировочный вал',24263),(543,3,542,'Балансировочный вал',1343),(544,696,543,'Балансировочный вал',17743),(545,79,544,'Балансировочный вал',24632),(546,262,545,'Балансировочный вал',13954),(547,341,546,'Балансировочный вал',3894),(548,947,547,'Балансировочный вал',14752),(549,822,548,'Балансировочный вал',13045),(550,753,549,'Балансировочный вал',5957),(551,410,550,'Балансировочный вал',4915),(552,570,551,'Балансировочный вал',4885),(553,169,552,'Балансировочный вал',10824),(554,13,553,'Балансировочный вал',6675),(555,298,554,'Балансировочный вал',11572),(556,731,555,'Балансировочный вал',2683),(557,951,556,'Балансировочный вал',14923),(558,82,557,'Балансировочный вал',8547),(559,864,558,'Балансировочный вал',16001),(560,449,559,'Балансировочный вал',15094),(561,752,560,'Балансировочный вал',14023),(562,558,561,'Балансировочный вал',8765),(563,912,562,'Балансировочный вал',15671),(564,828,563,'Балансировочный вал',4417),(565,92,564,'Балансировочный вал',13976),(566,958,565,'Балансировочный вал',7245),(567,472,566,'Балансировочный вал',20340),(568,152,567,'Балансировочный вал',17014),(569,733,568,'Балансировочный вал',17589),(570,141,569,'Балансировочный вал',7224),(571,402,570,'Балансировочный вал',3938),(572,291,571,'Балансировочный вал',7745),(573,205,572,'Балансировочный вал',22854),(574,656,573,'Балансировочный вал',11431),(575,119,574,'Балансировочный вал',7887),(576,603,575,'Балансировочный вал',7540),(577,63,576,'Балансировочный вал',21290),(578,488,577,'Балансировочный вал',24923),(579,278,578,'Балансировочный вал',8592),(580,97,579,'Балансировочный вал',11753),(581,977,580,'Балансировочный вал',6561),(582,228,581,'Балансировочный вал',10774),(583,747,582,'Балансировочный вал',18596),(584,454,583,'Балансировочный вал',10448),(585,126,584,'Балансировочный вал',7111),(586,986,585,'Балансировочный вал',16962),(587,809,586,'Балансировочный вал',5217),(588,206,587,'Балансировочный вал',8207),(589,914,588,'Балансировочный вал',6817),(590,719,589,'Балансировочный вал',14133),(591,545,590,'Балансировочный вал',17228),(592,922,591,'Балансировочный вал',11133),(593,269,592,'Балансировочный вал',24604),(594,547,593,'Балансировочный вал',24292),(595,674,594,'Балансировочный вал',23510),(596,931,595,'Балансировочный вал',18047),(597,390,596,'Балансировочный вал',17960),(598,801,597,'Балансировочный вал',22649),(599,617,598,'Балансировочный вал',3362),(600,358,599,'Балансировочный вал',17115),(601,271,600,'Балансировочный вал',7372),(602,847,601,'Балансировочный вал',20527),(603,187,602,'Балансировочный вал',19176),(604,151,603,'Балансировочный вал',15443),(605,767,604,'Балансировочный вал',11325),(606,818,605,'Балансировочный вал',11176),(607,282,606,'Балансировочный вал',22825),(608,672,607,'Балансировочный вал',14319),(609,298,608,'Балансировочный вал',24479),(610,11,609,'Балансировочный вал',14101),(611,944,610,'Балансировочный вал',2898),(612,997,611,'Балансировочный вал',290),(613,995,612,'Балансировочный вал',18976),(614,418,613,'Балансировочный вал',4095),(615,351,614,'Балансировочный вал',15105),(616,773,615,'Балансировочный вал',11303),(617,955,616,'Балансировочный вал',18506),(618,63,617,'Балансировочный вал',9941),(619,669,618,'Балансировочный вал',20901),(620,619,619,'Балансировочный вал',11200),(621,427,620,'Балансировочный вал',17924),(622,92,621,'Балансировочный вал',5442),(623,924,622,'Балансировочный вал',10809),(624,916,623,'Балансировочный вал',6802),(625,448,624,'Балансировочный вал',22958),(626,803,625,'Балансировочный вал',7411),(627,29,626,'Балансировочный вал',3546),(628,220,627,'Балансировочный вал',11942),(629,996,628,'Балансировочный вал',20314),(630,962,629,'Балансировочный вал',531),(631,735,630,'Балансировочный вал',5674),(632,362,631,'Балансировочный вал',2018),(633,198,632,'Балансировочный вал',16496),(634,447,633,'Балансировочный вал',22772),(635,473,634,'Балансировочный вал',2405),(636,207,635,'Балансировочный вал',15519),(637,658,636,'Балансировочный вал',6507),(638,438,637,'Балансировочный вал',16981),(639,409,638,'Балансировочный вал',13806),(640,210,639,'Балансировочный вал',14063),(641,424,640,'Балансировочный вал',611),(642,789,641,'Балансировочный вал',21688),(643,775,642,'Балансировочный вал',19068),(644,606,643,'Балансировочный вал',7024),(645,800,644,'Балансировочный вал',9711),(646,569,645,'Балансировочный вал',16480),(647,769,646,'Балансировочный вал',14165),(648,744,647,'Балансировочный вал',9002),(649,613,648,'Балансировочный вал',13287),(650,544,649,'Балансировочный вал',9876),(651,447,650,'Балансировочный вал',2966),(652,554,651,'Балансировочный вал',15385),(653,472,652,'Балансировочный вал',17944),(654,829,653,'Балансировочный вал',12241),(655,646,654,'Балансировочный вал',24894),(656,982,655,'Балансировочный вал',1226),(657,273,656,'Балансировочный вал',13883),(658,462,657,'Балансировочный вал',20979),(659,296,658,'Балансировочный вал',18379),(660,455,659,'Балансировочный вал',2018),(661,91,660,'Балансировочный вал',7436),(662,102,661,'Балансировочный вал',1512),(663,763,662,'Балансировочный вал',426),(664,80,663,'Балансировочный вал',7048),(665,271,664,'Балансировочный вал',22354),(666,463,665,'Балансировочный вал',6818),(667,591,666,'Балансировочный вал',1420),(668,15,667,'Балансировочный вал',8193),(669,618,668,'Балансировочный вал',21090),(670,344,669,'Балансировочный вал',14174),(671,60,670,'Балансировочный вал',4081),(672,343,671,'Балансировочный вал',167),(673,165,672,'Балансировочный вал',22923),(674,127,673,'Балансировочный вал',4657),(675,255,674,'Балансировочный вал',11286),(676,476,675,'Балансировочный вал',13496),(677,482,676,'Балансировочный вал',6785),(678,933,677,'Балансировочный вал',14168),(679,803,678,'Балансировочный вал',7063),(680,660,679,'Балансировочный вал',2199),(681,137,680,'Балансировочный вал',24201),(682,244,681,'Балансировочный вал',8661),(683,321,682,'Балансировочный вал',23227),(684,348,683,'Балансировочный вал',11405),(685,25,684,'Балансировочный вал',8688),(686,206,685,'Балансировочный вал',4982),(687,176,686,'Балансировочный вал',12668),(688,989,687,'Балансировочный вал',17872),(689,56,688,'Балансировочный вал',23418),(690,574,689,'Балансировочный вал',23774),(691,784,690,'Балансировочный вал',20610),(692,377,691,'Балансировочный вал',24802),(693,689,692,'Балансировочный вал',6767),(694,670,693,'Балансировочный вал',24967),(695,80,694,'Балансировочный вал',10340),(696,426,695,'Балансировочный вал',19117),(697,928,696,'Балансировочный вал',14587),(698,63,697,'Балансировочный вал',5132),(699,922,698,'Балансировочный вал',10616),(700,458,699,'Балансировочный вал',24320),(701,367,700,'Балансировочный вал',5988),(702,195,701,'Балансировочный вал',22246),(703,58,702,'Балансировочный вал',11487),(704,433,703,'Балансировочный вал',24281),(705,443,704,'Балансировочный вал',16646),(706,808,705,'Балансировочный вал',5524),(707,10,706,'Балансировочный вал',12363),(708,355,707,'Балансировочный вал',2437),(709,945,708,'Балансировочный вал',6935),(710,253,709,'Балансировочный вал',9820),(711,515,710,'Балансировочный вал',16630),(712,908,711,'Балансировочный вал',19279),(713,150,712,'Балансировочный вал',17873),(714,566,713,'Балансировочный вал',866),(715,491,714,'Балансировочный вал',15043),(716,528,715,'Балансировочный вал',5188),(717,646,716,'Балансировочный вал',24795),(718,747,717,'Балансировочный вал',20418),(719,837,718,'Балансировочный вал',4140),(720,710,719,'Балансировочный вал',20923),(721,742,720,'Балансировочный вал',15567),(722,367,721,'Балансировочный вал',21983),(723,874,722,'Балансировочный вал',11733),(724,96,723,'Балансировочный вал',5117),(725,527,724,'Балансировочный вал',11538),(726,796,725,'Балансировочный вал',23572),(727,296,726,'Балансировочный вал',8615),(728,582,727,'Балансировочный вал',12374),(729,191,728,'Балансировочный вал',5536),(730,378,729,'Балансировочный вал',1374),(731,72,730,'Балансировочный вал',21969),(732,976,731,'Балансировочный вал',1693),(733,65,732,'Балансировочный вал',15575),(734,337,733,'Балансировочный вал',20535),(735,662,734,'Балансировочный вал',10178),(736,675,735,'Балансировочный вал',575),(737,438,736,'Балансировочный вал',24246),(738,465,737,'Балансировочный вал',11399),(739,202,738,'Балансировочный вал',9654),(740,758,739,'Балансировочный вал',3734),(741,171,740,'Балансировочный вал',18990),(742,3,741,'Балансировочный вал',9368),(743,878,742,'Балансировочный вал',15631),(744,251,743,'Балансировочный вал',17354),(745,422,744,'Балансировочный вал',24993),(746,834,745,'Балансировочный вал',6837),(747,430,746,'Балансировочный вал',11411),(748,188,747,'Балансировочный вал',20880),(749,536,748,'Балансировочный вал',9401),(750,514,749,'Балансировочный вал',17220),(751,810,750,'Балансировочный вал',20136),(752,189,751,'Балансировочный вал',11532),(753,106,752,'Балансировочный вал',8975),(754,321,753,'Балансировочный вал',2939),(755,124,754,'Балансировочный вал',14358),(756,896,755,'Балансировочный вал',21008),(757,703,756,'Балансировочный вал',21450),(758,765,757,'Балансировочный вал',24357),(759,89,758,'Балансировочный вал',11997),(760,74,759,'Балансировочный вал',7545),(761,395,760,'Балансировочный вал',3824),(762,111,761,'Балансировочный вал',17259),(763,535,762,'Балансировочный вал',20938),(764,95,763,'Балансировочный вал',11215),(765,34,764,'Балансировочный вал',9691),(766,772,765,'Балансировочный вал',16069),(767,851,766,'Балансировочный вал',14292),(768,292,767,'Балансировочный вал',3407),(769,970,768,'Балансировочный вал',21683),(770,569,769,'Балансировочный вал',12711),(771,93,770,'Балансировочный вал',5360),(772,502,771,'Балансировочный вал',19506),(773,20,772,'Балансировочный вал',15560),(774,968,773,'Балансировочный вал',22751),(775,279,774,'Балансировочный вал',22691),(776,578,775,'Балансировочный вал',9890),(777,409,776,'Балансировочный вал',6872),(778,707,777,'Балансировочный вал',13554),(779,84,778,'Балансировочный вал',24238),(780,81,779,'Балансировочный вал',8705),(781,998,780,'Балансировочный вал',19139),(782,248,781,'Балансировочный вал',4114),(783,708,782,'Балансировочный вал',15827),(784,885,783,'Балансировочный вал',15884),(785,72,784,'Балансировочный вал',7139),(786,345,785,'Балансировочный вал',6617),(787,249,786,'Балансировочный вал',5146),(788,894,787,'Балансировочный вал',2412),(789,26,788,'Балансировочный вал',24162),(790,346,789,'Балансировочный вал',5321),(791,406,790,'Балансировочный вал',6283),(792,856,791,'Балансировочный вал',6814),(793,467,792,'Балансировочный вал',1670),(794,543,793,'Балансировочный вал',11054),(795,31,794,'Балансировочный вал',8920),(796,437,795,'Балансировочный вал',20311),(797,445,796,'Балансировочный вал',17067),(798,872,797,'Балансировочный вал',9490),(799,689,798,'Балансировочный вал',12484),(800,677,799,'Балансировочный вал',8261),(801,504,800,'Балансировочный вал',20785),(802,313,801,'Балансировочный вал',15510),(803,430,802,'Балансировочный вал',20332),(804,828,803,'Балансировочный вал',17140),(805,355,804,'Балансировочный вал',5207),(806,583,805,'Балансировочный вал',3145),(807,959,806,'Балансировочный вал',5675),(808,446,807,'Балансировочный вал',23393),(809,269,808,'Балансировочный вал',1701),(810,820,809,'Балансировочный вал',9986),(811,111,810,'Балансировочный вал',14983),(812,882,811,'Балансировочный вал',22883),(813,281,812,'Балансировочный вал',11263),(814,19,813,'Балансировочный вал',9757),(815,408,814,'Балансировочный вал',3137),(816,102,815,'Балансировочный вал',19163),(817,516,816,'Балансировочный вал',10548),(818,959,817,'Балансировочный вал',24526),(819,883,818,'Балансировочный вал',22334),(820,129,819,'Балансировочный вал',456),(821,25,820,'Балансировочный вал',12384),(822,593,821,'Балансировочный вал',17146),(823,728,822,'Балансировочный вал',9630),(824,887,823,'Балансировочный вал',687),(825,501,824,'Балансировочный вал',4150),(826,698,825,'Балансировочный вал',24775),(827,205,826,'Балансировочный вал',2279),(828,926,827,'Балансировочный вал',15491),(829,436,828,'Балансировочный вал',18377),(830,181,829,'Балансировочный вал',12103),(831,95,830,'Балансировочный вал',23434),(832,384,831,'Балансировочный вал',4970),(833,623,832,'Балансировочный вал',4524),(834,954,833,'Балансировочный вал',11589),(835,696,834,'Балансировочный вал',1067),(836,964,835,'Балансировочный вал',4666),(837,615,836,'Балансировочный вал',17166),(838,172,837,'Балансировочный вал',1768),(839,816,838,'Балансировочный вал',15794),(840,99,839,'Балансировочный вал',17622),(841,929,840,'Балансировочный вал',22086),(842,837,841,'Балансировочный вал',8344),(843,781,842,'Балансировочный вал',8942),(844,164,843,'Балансировочный вал',9008),(845,123,844,'Балансировочный вал',7814),(846,111,845,'Балансировочный вал',8623),(847,539,846,'Балансировочный вал',19605),(848,335,847,'Балансировочный вал',2849),(849,327,848,'Балансировочный вал',499),(850,562,849,'Балансировочный вал',3008),(851,438,850,'Балансировочный вал',3915),(852,151,851,'Балансировочный вал',15865),(853,243,852,'Балансировочный вал',2535),(854,311,853,'Балансировочный вал',7803),(855,894,854,'Балансировочный вал',3699),(856,685,855,'Балансировочный вал',14324),(857,258,856,'Балансировочный вал',22897),(858,671,857,'Балансировочный вал',21844),(859,682,858,'Балансировочный вал',6746),(860,194,859,'Балансировочный вал',4829),(861,727,860,'Балансировочный вал',16956),(862,177,861,'Балансировочный вал',21491),(863,963,862,'Балансировочный вал',21407),(864,655,863,'Балансировочный вал',7775),(865,800,864,'Балансировочный вал',12634),(866,452,865,'Балансировочный вал',8906),(867,874,866,'Балансировочный вал',11764),(868,925,867,'Балансировочный вал',14319),(869,661,868,'Балансировочный вал',19746),(870,342,869,'Балансировочный вал',15194),(871,434,870,'Балансировочный вал',5293),(872,197,871,'Балансировочный вал',1558),(873,618,872,'Балансировочный вал',9845),(874,975,873,'Балансировочный вал',10091),(875,866,874,'Балансировочный вал',6115),(876,584,875,'Балансировочный вал',2945),(877,720,876,'Балансировочный вал',3531),(878,74,877,'Балансировочный вал',23060),(879,550,878,'Балансировочный вал',14386),(880,890,879,'Балансировочный вал',16706),(881,100,880,'Балансировочный вал',19873),(882,58,881,'Балансировочный вал',10819),(883,732,882,'Балансировочный вал',22292),(884,738,883,'Балансировочный вал',18538),(885,121,884,'Балансировочный вал',13351),(886,551,885,'Балансировочный вал',22217),(887,414,886,'Балансировочный вал',1019),(888,442,887,'Балансировочный вал',18974),(889,883,888,'Балансировочный вал',17030),(890,152,889,'Балансировочный вал',4913),(891,561,890,'Балансировочный вал',19670),(892,754,891,'Балансировочный вал',13602),(893,887,892,'Балансировочный вал',4228),(894,614,893,'Балансировочный вал',10471),(895,87,894,'Балансировочный вал',2038),(896,463,895,'Балансировочный вал',1176),(897,218,896,'Балансировочный вал',7509),(898,574,897,'Балансировочный вал',5210),(899,443,898,'Балансировочный вал',20279),(900,838,899,'Балансировочный вал',17357),(901,519,900,'Балансировочный вал',17864),(902,66,901,'Балансировочный вал',16686),(903,500,902,'Балансировочный вал',9133),(904,323,903,'Балансировочный вал',6130),(905,770,904,'Балансировочный вал',23151),(906,511,905,'Балансировочный вал',22874),(907,419,906,'Балансировочный вал',11992),(908,97,907,'Балансировочный вал',5786),(909,346,908,'Балансировочный вал',14107),(910,689,909,'Балансировочный вал',12001),(911,837,910,'Балансировочный вал',15096),(912,669,911,'Балансировочный вал',1499),(913,411,912,'Балансировочный вал',11764),(914,445,913,'Балансировочный вал',16187),(915,584,914,'Балансировочный вал',24413),(916,451,915,'Балансировочный вал',2531),(917,571,916,'Балансировочный вал',4665),(918,674,917,'Балансировочный вал',1576),(919,915,918,'Балансировочный вал',15830),(920,854,919,'Балансировочный вал',7361),(921,272,920,'Балансировочный вал',4038),(922,645,1,'Балка двигателя',3440),(923,793,2,'Балка двигателя',3936),(924,828,3,'Балка двигателя',5003),(925,319,4,'Балка двигателя',17133),(926,540,5,'Балка двигателя',8563),(927,74,6,'Балка двигателя',13635),(928,242,7,'Балка двигателя',1839),(929,970,8,'Балка двигателя',19718),(930,706,9,'Балка двигателя',18391),(931,828,10,'Балка двигателя',2330),(932,605,11,'Балка двигателя',16614),(933,421,12,'Балка двигателя',23228),(934,685,13,'Балка двигателя',20809),(935,73,14,'Балка двигателя',18113),(936,716,15,'Балка двигателя',10998),(937,992,16,'Балка двигателя',22998),(938,129,17,'Балка двигателя',9062),(939,102,18,'Балка двигателя',18151),(940,250,19,'Балка двигателя',1635),(941,830,20,'Балка двигателя',20191),(942,928,21,'Балка двигателя',16418),(943,206,22,'Балка двигателя',15561),(944,82,23,'Балка двигателя',24440),(945,806,24,'Балка двигателя',369),(946,865,25,'Балка двигателя',23175),(947,718,26,'Балка двигателя',22298),(948,548,27,'Балка двигателя',8752),(949,154,28,'Балка двигателя',17721),(950,800,29,'Балка двигателя',14007),(951,270,30,'Балка двигателя',12546),(952,698,31,'Балка двигателя',399),(953,88,32,'Балка двигателя',3283),(954,979,33,'Балка двигателя',6322),(955,765,34,'Балка двигателя',20956),(956,705,35,'Балка двигателя',23355),(957,174,36,'Балка двигателя',12029),(958,657,37,'Балка двигателя',2899),(959,90,38,'Балка двигателя',20353),(960,834,39,'Балка двигателя',8244),(961,582,40,'Балка двигателя',7206),(962,456,41,'Балка двигателя',22917),(963,79,42,'Балка двигателя',14006),(964,479,43,'Балка двигателя',19246),(965,234,44,'Балка двигателя',16447),(966,593,45,'Балка двигателя',7279),(967,344,46,'Балка двигателя',8270),(968,200,47,'Балка двигателя',24801),(969,982,48,'Балка двигателя',8057),(970,952,49,'Балка двигателя',22123),(971,236,50,'Балка двигателя',11282),(972,87,51,'Балка двигателя',12136),(973,605,52,'Балка двигателя',6240),(974,560,53,'Балка двигателя',17011),(975,408,54,'Балка двигателя',4908),(976,447,55,'Балка двигателя',6228),(977,449,56,'Балка двигателя',1913),(978,927,57,'Балка двигателя',15305),(979,542,58,'Балка двигателя',16152),(980,194,59,'Балка двигателя',7940),(981,719,60,'Балка двигателя',9652),(982,183,61,'Балка двигателя',23219),(983,450,62,'Балка двигателя',9482),(984,875,63,'Балка двигателя',359),(985,609,64,'Балка двигателя',1020),(986,924,65,'Балка двигателя',9018),(987,506,66,'Балка двигателя',13840),(988,276,67,'Балка двигателя',3612),(989,631,68,'Балка двигателя',22074),(990,331,69,'Балка двигателя',557),(991,184,70,'Балка двигателя',5026),(992,625,71,'Балка двигателя',2337),(993,142,72,'Балка двигателя',295),(994,623,73,'Балка двигателя',12871),(995,54,74,'Балка двигателя',16166),(996,368,75,'Балка двигателя',4071),(997,380,76,'Балка двигателя',14207),(998,334,77,'Балка двигателя',22405),(999,131,78,'Балка двигателя',16662),(1000,354,79,'Балка двигателя',23942),(1001,772,80,'Балка двигателя',10962),(1002,557,81,'Балка двигателя',21763),(1003,110,82,'Балка двигателя',16415),(1004,15,83,'Балка двигателя',1958),(1005,44,84,'Балка двигателя',5941),(1006,212,85,'Балка двигателя',2678),(1007,518,86,'Балка двигателя',17775),(1008,776,87,'Балка двигателя',5876),(1009,336,88,'Балка двигателя',23962),(1010,979,89,'Балка двигателя',5739),(1011,855,90,'Балка двигателя',10354),(1012,946,91,'Балка двигателя',20554),(1013,348,92,'Балка двигателя',8687),(1014,539,93,'Балка двигателя',15325),(1015,710,94,'Балка двигателя',20298),(1016,487,95,'Балка двигателя',22500),(1017,282,96,'Балка двигателя',11024),(1018,52,97,'Балка двигателя',11046),(1019,473,98,'Балка двигателя',11608),(1020,368,99,'Балка двигателя',4947),(1021,734,100,'Балка двигателя',14396),(1022,227,101,'Балка двигателя',3147),(1023,202,102,'Балка двигателя',12751),(1024,276,103,'Балка двигателя',12342),(1025,208,104,'Балка двигателя',4433),(1026,98,105,'Балка двигателя',9270),(1027,540,106,'Балка двигателя',18095),(1028,963,107,'Балка двигателя',7392),(1029,484,108,'Балка двигателя',23730),(1030,978,109,'Балка двигателя',1688),(1031,627,110,'Балка двигателя',8003),(1032,472,111,'Балка двигателя',19205),(1033,21,112,'Балка двигателя',12940),(1034,843,113,'Балка двигателя',8360),(1035,32,114,'Балка двигателя',6941),(1036,609,115,'Балка двигателя',19195),(1037,86,116,'Балка двигателя',15889),(1038,336,117,'Балка двигателя',21423),(1039,100,118,'Балка двигателя',14352),(1040,916,119,'Балка двигателя',24012),(1041,959,120,'Балка двигателя',5751),(1042,568,121,'Балка двигателя',4965),(1043,649,122,'Балка двигателя',17660),(1044,480,123,'Балка двигателя',20687),(1045,723,124,'Балка двигателя',20564),(1046,832,125,'Балка двигателя',22246),(1047,995,126,'Балка двигателя',6949),(1048,877,127,'Балка двигателя',24841),(1049,717,128,'Балка двигателя',18760),(1050,107,129,'Балка двигателя',6660),(1051,439,130,'Балка двигателя',14073),(1052,566,131,'Балка двигателя',23368),(1053,992,132,'Балка двигателя',23900),(1054,592,133,'Балка двигателя',13750),(1055,424,134,'Балка двигателя',9249),(1056,424,135,'Балка двигателя',21558),(1057,103,136,'Балка двигателя',16665),(1058,251,137,'Балка двигателя',5105),(1059,314,138,'Балка двигателя',3217),(1060,503,139,'Балка двигателя',14945),(1061,757,140,'Балка двигателя',23221),(1062,367,141,'Балка двигателя',16892),(1063,368,142,'Балка двигателя',12141),(1064,286,143,'Балка двигателя',19177),(1065,565,144,'Балка двигателя',6294),(1066,910,145,'Балка двигателя',16851),(1067,787,146,'Балка двигателя',18116),(1068,871,147,'Балка двигателя',21908),(1069,792,148,'Балка двигателя',7039),(1070,567,149,'Балка двигателя',6930),(1071,988,150,'Балка двигателя',5492),(1072,499,151,'Балка двигателя',12996),(1073,152,152,'Балка двигателя',19518),(1074,369,153,'Балка двигателя',227),(1075,692,154,'Балка двигателя',8097),(1076,224,155,'Балка двигателя',2900),(1077,590,156,'Балка двигателя',14082),(1078,311,157,'Балка двигателя',6417),(1079,745,158,'Балка двигателя',15867),(1080,247,159,'Балка двигателя',771),(1081,963,160,'Балка двигателя',19318),(1082,378,161,'Балка двигателя',2243),(1083,760,162,'Балка двигателя',11680),(1084,372,163,'Балка двигателя',21049),(1085,682,164,'Балка двигателя',12975),(1086,852,165,'Балка двигателя',17166),(1087,395,166,'Балка двигателя',14164),(1088,411,167,'Балка двигателя',13653),(1089,922,168,'Балка двигателя',11755),(1090,84,169,'Балка двигателя',3199),(1091,560,170,'Балка двигателя',24917),(1092,290,171,'Балка двигателя',12858),(1093,148,172,'Балка двигателя',16467),(1094,38,173,'Балка двигателя',15256),(1095,210,174,'Балка двигателя',18766),(1096,173,175,'Балка двигателя',11695),(1097,872,176,'Балка двигателя',16536),(1098,876,177,'Балка двигателя',2493),(1099,659,178,'Балка двигателя',16387),(1100,364,179,'Балка двигателя',19882),(1101,307,180,'Балка двигателя',19368),(1102,108,181,'Балка двигателя',14309),(1103,795,182,'Балка двигателя',10246),(1104,811,183,'Балка двигателя',13268),(1105,825,184,'Балка двигателя',23961),(1106,838,185,'Балка двигателя',4102),(1107,804,186,'Балка двигателя',23418),(1108,545,187,'Балка двигателя',22960),(1109,37,188,'Балка двигателя',23256),(1110,112,189,'Балка двигателя',22216),(1111,698,190,'Балка двигателя',22500),(1112,330,191,'Балка двигателя',14914),(1113,525,192,'Балка двигателя',18763),(1114,535,193,'Балка двигателя',14231),(1115,588,194,'Балка двигателя',1203),(1116,605,195,'Балка двигателя',5387),(1117,790,196,'Балка двигателя',1745),(1118,985,197,'Балка двигателя',7609),(1119,898,198,'Балка двигателя',3921),(1120,125,199,'Балка двигателя',18748),(1121,324,200,'Балка двигателя',1290),(1122,614,201,'Балка двигателя',2396),(1123,112,202,'Балка двигателя',6590),(1124,64,203,'Балка двигателя',5365),(1125,165,204,'Балка двигателя',9716),(1126,717,205,'Балка двигателя',23926),(1127,913,206,'Балка двигателя',22664),(1128,239,207,'Балка двигателя',11689),(1129,251,208,'Балка двигателя',5366),(1130,60,209,'Балка двигателя',3310),(1131,797,210,'Балка двигателя',3532),(1132,919,211,'Балка двигателя',22572),(1133,522,212,'Балка двигателя',11133),(1134,618,213,'Балка двигателя',9940),(1135,616,214,'Балка двигателя',12491),(1136,976,215,'Балка двигателя',8002),(1137,777,216,'Балка двигателя',19057),(1138,275,217,'Балка двигателя',13744),(1139,254,218,'Балка двигателя',15259),(1140,594,219,'Балка двигателя',6638),(1141,252,220,'Балка двигателя',14747),(1142,54,221,'Балка двигателя',12086),(1143,743,222,'Балка двигателя',5778),(1144,110,223,'Балка двигателя',10348),(1145,31,224,'Балка двигателя',10643),(1146,776,225,'Балка двигателя',13266),(1147,686,226,'Балка двигателя',16349),(1148,147,227,'Балка двигателя',5228),(1149,669,228,'Балка двигателя',20228),(1150,589,229,'Балка двигателя',5691),(1151,760,230,'Балка двигателя',24977),(1152,212,231,'Балка двигателя',3727),(1153,72,232,'Балка двигателя',21050),(1154,463,233,'Балка двигателя',1475),(1155,947,234,'Балка двигателя',21511),(1156,653,235,'Балка двигателя',15070),(1157,343,236,'Балка двигателя',22201),(1158,470,237,'Балка двигателя',8444),(1159,371,238,'Балка двигателя',13430),(1160,474,239,'Балка двигателя',13646),(1161,551,240,'Балка двигателя',4428),(1162,493,241,'Балка двигателя',13397),(1163,10,242,'Балка двигателя',21124),(1164,447,243,'Балка двигателя',7209),(1165,890,244,'Балка двигателя',22949),(1166,423,245,'Балка двигателя',14761),(1167,143,246,'Балка двигателя',12349),(1168,345,247,'Балка двигателя',2600),(1169,472,248,'Балка двигателя',10723),(1170,496,249,'Балка двигателя',21997),(1171,855,250,'Балка двигателя',7943),(1172,0,251,'Балка двигателя',17764),(1173,943,252,'Балка двигателя',5308),(1174,659,253,'Балка двигателя',3377),(1175,134,254,'Балка двигателя',22855),(1176,896,255,'Балка двигателя',17897),(1177,396,256,'Балка двигателя',12014),(1178,288,257,'Балка двигателя',1448),(1179,915,258,'Балка двигателя',19378),(1180,934,259,'Балка двигателя',10018),(1181,217,260,'Балка двигателя',24701),(1182,295,261,'Балка двигателя',6433),(1183,310,262,'Балка двигателя',10696),(1184,891,263,'Балка двигателя',11483),(1185,812,264,'Балка двигателя',18372),(1186,305,265,'Балка двигателя',13334),(1187,18,266,'Балка двигателя',19802),(1188,889,267,'Балка двигателя',1165),(1189,967,268,'Балка двигателя',15668),(1190,982,269,'Балка двигателя',6506),(1191,103,270,'Балка двигателя',10572),(1192,29,271,'Балка двигателя',1086),(1193,250,272,'Балка двигателя',7469),(1194,504,273,'Балка двигателя',16811),(1195,455,274,'Балка двигателя',6392),(1196,948,275,'Балка двигателя',20371),(1197,645,276,'Балка двигателя',12491),(1198,986,277,'Балка двигателя',3179),(1199,622,278,'Балка двигателя',3097),(1200,498,279,'Балка двигателя',21360),(1201,172,280,'Балка двигателя',22279),(1202,126,281,'Балка двигателя',22258),(1203,874,282,'Балка двигателя',18100),(1204,925,283,'Балка двигателя',5839),(1205,787,284,'Балка двигателя',19306),(1206,498,285,'Балка двигателя',7330),(1207,195,286,'Балка двигателя',7041),(1208,553,287,'Балка двигателя',17453),(1209,980,288,'Балка двигателя',18099),(1210,371,289,'Балка двигателя',19754),(1211,703,290,'Балка двигателя',4843),(1212,820,291,'Балка двигателя',11115),(1213,696,292,'Балка двигателя',2500),(1214,624,293,'Балка двигателя',6514),(1215,862,294,'Балка двигателя',23564),(1216,126,295,'Балка двигателя',7934),(1217,126,296,'Балка двигателя',15731),(1218,4,297,'Балка двигателя',1691),(1219,722,298,'Балка двигателя',2354),(1220,962,299,'Балка двигателя',6809),(1221,40,300,'Балка двигателя',6282),(1222,863,301,'Балка двигателя',546),(1223,866,302,'Балка двигателя',9993),(1224,367,303,'Балка двигателя',21999),(1225,165,304,'Балка двигателя',1230),(1226,718,305,'Балка двигателя',11789),(1227,157,306,'Балка двигателя',20233),(1228,554,307,'Балка двигателя',21878),(1229,917,308,'Балка двигателя',5767),(1230,147,309,'Балка двигателя',8027),(1231,285,310,'Балка двигателя',5688),(1232,253,311,'Балка двигателя',11204),(1233,162,312,'Балка двигателя',18107),(1234,403,313,'Балка двигателя',13017),(1235,821,314,'Балка двигателя',22596),(1236,889,315,'Балка двигателя',20464),(1237,550,316,'Балка двигателя',21144),(1238,155,317,'Балка двигателя',5507),(1239,382,318,'Балка двигателя',24632),(1240,539,319,'Балка двигателя',21873),(1241,600,320,'Балка двигателя',2656),(1242,459,321,'Балка двигателя',20627),(1243,784,322,'Балка двигателя',1897),(1244,564,323,'Балка двигателя',9775),(1245,102,324,'Балка двигателя',6579),(1246,406,325,'Балка двигателя',17895),(1247,950,326,'Балка двигателя',9272),(1248,440,327,'Балка двигателя',2937),(1249,961,328,'Балка двигателя',14604),(1250,798,329,'Балка двигателя',22966),(1251,192,330,'Балка двигателя',6211),(1252,745,331,'Балка двигателя',8512),(1253,859,332,'Балка двигателя',10454),(1254,464,333,'Балка двигателя',7969),(1255,767,334,'Балка двигателя',12351),(1256,398,335,'Балка двигателя',19076),(1257,14,336,'Балка двигателя',15385),(1258,499,337,'Балка двигателя',12755),(1259,488,338,'Балка двигателя',12126),(1260,923,339,'Балка двигателя',16492),(1261,888,340,'Балка двигателя',23661),(1262,79,341,'Балка двигателя',16785),(1263,932,342,'Балка двигателя',8574),(1264,878,343,'Балка двигателя',8201),(1265,587,344,'Балка двигателя',20589),(1266,316,345,'Балка двигателя',20216),(1267,59,346,'Балка двигателя',13927),(1268,644,347,'Балка двигателя',1223),(1269,886,348,'Балка двигателя',2084),(1270,378,349,'Балка двигателя',462),(1271,741,350,'Балка двигателя',4833),(1272,217,351,'Балка двигателя',15382),(1273,248,352,'Балка двигателя',5957),(1274,110,353,'Балка двигателя',19002),(1275,562,354,'Балка двигателя',17503),(1276,943,355,'Балка двигателя',15735),(1277,240,356,'Балка двигателя',109),(1278,518,357,'Балка двигателя',13557),(1279,872,358,'Балка двигателя',19408),(1280,845,359,'Балка двигателя',12099),(1281,817,360,'Балка двигателя',5374),(1282,648,361,'Балка двигателя',19738),(1283,567,362,'Балка двигателя',22194),(1284,441,363,'Балка двигателя',5076),(1285,180,364,'Балка двигателя',11519),(1286,282,365,'Балка двигателя',14520),(1287,860,366,'Балка двигателя',21391),(1288,79,367,'Балка двигателя',20455),(1289,638,368,'Балка двигателя',11724),(1290,1000,369,'Балка двигателя',2548),(1291,724,370,'Балка двигателя',20895),(1292,473,371,'Балка двигателя',12550),(1293,967,372,'Балка двигателя',13692),(1294,702,373,'Балка двигателя',17340),(1295,92,374,'Балка двигателя',23149),(1296,228,375,'Балка двигателя',6630),(1297,369,376,'Балка двигателя',18848),(1298,669,377,'Балка двигателя',20967),(1299,117,378,'Балка двигателя',7515),(1300,957,379,'Балка двигателя',18044),(1301,892,380,'Балка двигателя',23101),(1302,130,381,'Балка двигателя',12488),(1303,175,382,'Балка двигателя',9520),(1304,838,383,'Балка двигателя',11192),(1305,495,384,'Балка двигателя',22143),(1306,77,385,'Балка двигателя',11736),(1307,588,386,'Балка двигателя',14031),(1308,137,387,'Балка двигателя',17941),(1309,123,388,'Балка двигателя',11804),(1310,672,389,'Балка двигателя',16626),(1311,941,390,'Балка двигателя',5349),(1312,148,391,'Балка двигателя',3352),(1313,446,392,'Балка двигателя',24775),(1314,340,393,'Балка двигателя',11416),(1315,849,394,'Балка двигателя',15675),(1316,911,395,'Балка двигателя',3140),(1317,909,396,'Балка двигателя',4759),(1318,723,397,'Балка двигателя',3111),(1319,485,398,'Балка двигателя',2334),(1320,245,399,'Балка двигателя',1929),(1321,549,400,'Балка двигателя',16290),(1322,530,401,'Балка двигателя',2165),(1323,102,402,'Балка двигателя',24818),(1324,859,403,'Балка двигателя',13342),(1325,615,404,'Балка двигателя',4210),(1326,132,405,'Балка двигателя',9768),(1327,227,406,'Балка двигателя',11274),(1328,889,407,'Балка двигателя',17787),(1329,241,408,'Балка двигателя',5974),(1330,175,409,'Балка двигателя',11084),(1331,478,410,'Балка двигателя',9642),(1332,380,411,'Балка двигателя',12169),(1333,978,412,'Балка двигателя',23956),(1334,98,413,'Балка двигателя',3566),(1335,195,414,'Балка двигателя',2095),(1336,41,415,'Балка двигателя',819),(1337,290,416,'Балка двигателя',622),(1338,468,417,'Балка двигателя',23649),(1339,814,418,'Балка двигателя',16071),(1340,192,419,'Балка двигателя',2798),(1341,885,420,'Балка двигателя',11051),(1342,84,421,'Балка двигателя',18213),(1343,496,422,'Балка двигателя',11568),(1344,904,423,'Балка двигателя',19526),(1345,275,424,'Балка двигателя',16187),(1346,261,425,'Балка двигателя',9920),(1347,529,426,'Балка двигателя',24227),(1348,686,427,'Балка двигателя',15615),(1349,706,428,'Балка двигателя',20785),(1350,564,429,'Балка двигателя',19721),(1351,1000,430,'Балка двигателя',13890),(1352,265,431,'Балка двигателя',14704),(1353,811,432,'Балка двигателя',18659),(1354,993,433,'Балка двигателя',19008),(1355,551,434,'Балка двигателя',152),(1356,29,435,'Балка двигателя',4436),(1357,959,436,'Балка двигателя',3687),(1358,320,437,'Балка двигателя',13794),(1359,496,438,'Балка двигателя',20593),(1360,986,439,'Балка двигателя',7853),(1361,124,440,'Балка двигателя',6043),(1362,920,441,'Балка двигателя',3417),(1363,560,442,'Балка двигателя',8829),(1364,906,443,'Балка двигателя',12306),(1365,860,444,'Балка двигателя',854),(1366,949,445,'Балка двигателя',5703),(1367,217,446,'Балка двигателя',9954),(1368,566,447,'Балка двигателя',24839),(1369,17,448,'Балка двигателя',10689),(1370,870,449,'Балка двигателя',4263),(1371,895,450,'Балка двигателя',18404),(1372,970,451,'Балка двигателя',2437),(1373,433,452,'Балка двигателя',24780),(1374,92,453,'Балка двигателя',10180),(1375,648,454,'Балка двигателя',22459),(1376,191,455,'Балка двигателя',15413),(1377,171,456,'Балка двигателя',2563),(1378,405,457,'Балка двигателя',15287),(1379,735,458,'Балка двигателя',1680),(1380,50,459,'Балка двигателя',16827),(1381,959,460,'Балка двигателя',7247),(1382,390,461,'Балка двигателя',6290),(1383,867,462,'Балка двигателя',3890),(1384,359,463,'Балка двигателя',15192),(1385,787,464,'Балка двигателя',12654),(1386,348,465,'Балка двигателя',9832),(1387,768,466,'Балка двигателя',24947),(1388,377,467,'Балка двигателя',464),(1389,876,468,'Балка двигателя',17216),(1390,93,469,'Балка двигателя',14061),(1391,637,470,'Балка двигателя',6892),(1392,219,471,'Балка двигателя',882),(1393,477,472,'Балка двигателя',5296),(1394,667,473,'Балка двигателя',24244),(1395,313,474,'Балка двигателя',14261),(1396,755,475,'Балка двигателя',16288),(1397,569,476,'Балка двигателя',4283),(1398,511,477,'Балка двигателя',14213),(1399,718,478,'Балка двигателя',6732),(1400,549,479,'Балка двигателя',11076),(1401,9,480,'Балка двигателя',5295),(1402,785,481,'Балка двигателя',7878),(1403,311,482,'Балка двигателя',9684),(1404,426,483,'Балка двигателя',1652),(1405,611,484,'Балка двигателя',5902),(1406,927,485,'Балка двигателя',22237),(1407,524,486,'Балка двигателя',6487),(1408,561,487,'Балка двигателя',24104),(1409,284,488,'Балка двигателя',24403),(1410,26,489,'Балка двигателя',19227),(1411,429,490,'Балка двигателя',10645),(1412,835,491,'Балка двигателя',5516),(1413,173,492,'Балка двигателя',364),(1414,911,493,'Балка двигателя',15785),(1415,429,494,'Балка двигателя',8876),(1416,696,495,'Балка двигателя',2488),(1417,358,496,'Балка двигателя',12644),(1418,277,497,'Балка двигателя',12345),(1419,726,498,'Балка двигателя',23404),(1420,925,499,'Балка двигателя',18823),(1421,228,500,'Балка двигателя',14431),(1422,549,501,'Балка двигателя',16069),(1423,673,502,'Балка двигателя',2342),(1424,969,503,'Балка двигателя',16042),(1425,674,504,'Балка двигателя',9475),(1426,838,505,'Балка двигателя',16173),(1427,953,506,'Балка двигателя',13661),(1428,407,507,'Балка двигателя',14606),(1429,424,508,'Балка двигателя',1242),(1430,369,509,'Балка двигателя',19357),(1431,536,510,'Балка двигателя',13230),(1432,698,511,'Балка двигателя',2517),(1433,464,512,'Балка двигателя',10272),(1434,208,513,'Балка двигателя',9657),(1435,176,514,'Балка двигателя',12819),(1436,22,515,'Балка двигателя',23907),(1437,827,516,'Балка двигателя',5676),(1438,464,517,'Балка двигателя',23312),(1439,526,518,'Балка двигателя',15545),(1440,780,519,'Балка двигателя',22084),(1441,874,520,'Балка двигателя',22620),(1442,928,521,'Балка двигателя',17200),(1443,64,522,'Балка двигателя',6660),(1444,487,523,'Балка двигателя',1392),(1445,756,524,'Балка двигателя',4414),(1446,143,525,'Балка двигателя',9984),(1447,454,526,'Балка двигателя',21643),(1448,459,527,'Балка двигателя',12248),(1449,483,528,'Балка двигателя',11593),(1450,514,529,'Балка двигателя',22587),(1451,531,530,'Балка двигателя',10174),(1452,480,531,'Балка двигателя',4410),(1453,374,532,'Балка двигателя',24976),(1454,827,533,'Балка двигателя',1435),(1455,66,534,'Балка двигателя',19653),(1456,771,535,'Балка двигателя',10020),(1457,371,536,'Балка двигателя',947),(1458,747,537,'Балка двигателя',15827),(1459,3,538,'Балка двигателя',21589),(1460,586,539,'Балка двигателя',19592),(1461,93,540,'Балка двигателя',13764),(1462,764,541,'Балка двигателя',1584),(1463,480,542,'Балка двигателя',19388),(1464,688,543,'Балка двигателя',5393),(1465,288,544,'Балка двигателя',15326),(1466,173,545,'Балка двигателя',11126),(1467,630,546,'Балка двигателя',2251),(1468,797,547,'Балка двигателя',894),(1469,149,548,'Балка двигателя',5429),(1470,576,549,'Балка двигателя',21182),(1471,321,550,'Балка двигателя',12680),(1472,431,551,'Балка двигателя',21770),(1473,862,552,'Балка двигателя',14812),(1474,488,553,'Балка двигателя',23021),(1475,100,554,'Балка двигателя',23759),(1476,648,555,'Балка двигателя',4932),(1477,781,556,'Балка двигателя',18545),(1478,589,557,'Балка двигателя',19286),(1479,797,558,'Балка двигателя',10804),(1480,405,559,'Балка двигателя',1990),(1481,882,560,'Балка двигателя',5124),(1482,32,561,'Балка двигателя',17177),(1483,508,562,'Балка двигателя',179),(1484,273,563,'Балка двигателя',14192),(1485,733,564,'Балка двигателя',24701),(1486,584,565,'Балка двигателя',4758),(1487,801,566,'Балка двигателя',11700),(1488,575,567,'Балка двигателя',12067),(1489,82,568,'Балка двигателя',23048),(1490,663,569,'Балка двигателя',21430),(1491,964,570,'Балка двигателя',22195),(1492,155,571,'Балка двигателя',21837),(1493,375,572,'Балка двигателя',15301),(1494,983,573,'Балка двигателя',19274),(1495,750,574,'Балка двигателя',19939),(1496,48,575,'Балка двигателя',18920),(1497,875,576,'Балка двигателя',20616),(1498,716,577,'Балка двигателя',18830),(1499,289,578,'Балка двигателя',9699),(1500,660,579,'Балка двигателя',1944),(1501,989,580,'Балка двигателя',4963),(1502,381,581,'Балка двигателя',12774),(1503,717,582,'Балка двигателя',1680),(1504,505,583,'Балка двигателя',24478),(1505,925,584,'Балка двигателя',12653),(1506,731,585,'Балка двигателя',18495),(1507,902,586,'Балка двигателя',391),(1508,925,587,'Балка двигателя',18173),(1509,761,588,'Балка двигателя',10043),(1510,979,589,'Балка двигателя',17505),(1511,914,590,'Балка двигателя',10786),(1512,81,591,'Балка двигателя',20101),(1513,817,592,'Балка двигателя',19741),(1514,768,593,'Балка двигателя',960),(1515,914,594,'Балка двигателя',8959),(1516,95,595,'Балка двигателя',464),(1517,610,596,'Балка двигателя',14579),(1518,321,597,'Балка двигателя',11017),(1519,970,598,'Балка двигателя',16477),(1520,777,599,'Балка двигателя',9558),(1521,482,600,'Балка двигателя',4039),(1522,87,601,'Балка двигателя',14449),(1523,244,602,'Балка двигателя',13863),(1524,774,603,'Балка двигателя',14482),(1525,644,604,'Балка двигателя',12088),(1526,707,605,'Балка двигателя',3426),(1527,925,606,'Балка двигателя',21683),(1528,339,607,'Балка двигателя',24790),(1529,574,608,'Балка двигателя',10491),(1530,776,609,'Балка двигателя',17995),(1531,782,610,'Балка двигателя',19220),(1532,550,611,'Балка двигателя',8903),(1533,623,612,'Балка двигателя',11056),(1534,167,613,'Балка двигателя',4263),(1535,425,614,'Балка двигателя',8176),(1536,377,615,'Балка двигателя',3351),(1537,723,616,'Балка двигателя',18451),(1538,460,617,'Балка двигателя',10762),(1539,459,618,'Балка двигателя',19127),(1540,206,619,'Балка двигателя',4808),(1541,109,620,'Балка двигателя',15926),(1542,365,621,'Балка двигателя',8615),(1543,77,622,'Балка двигателя',17937),(1544,373,623,'Балка двигателя',5367),(1545,544,624,'Балка двигателя',12879),(1546,269,625,'Балка двигателя',20161),(1547,619,626,'Балка двигателя',12316),(1548,482,627,'Балка двигателя',16965),(1549,270,628,'Балка двигателя',21169),(1550,162,629,'Балка двигателя',22287),(1551,743,630,'Балка двигателя',7757),(1552,91,631,'Балка двигателя',23271),(1553,910,632,'Балка двигателя',6716),(1554,676,633,'Балка двигателя',7015),(1555,986,634,'Балка двигателя',4602),(1556,577,635,'Балка двигателя',7553),(1557,279,636,'Балка двигателя',14143),(1558,177,637,'Балка двигателя',20186),(1559,988,638,'Балка двигателя',18922),(1560,146,639,'Балка двигателя',20607),(1561,323,640,'Балка двигателя',15428),(1562,713,641,'Балка двигателя',11188),(1563,450,642,'Балка двигателя',12182),(1564,608,643,'Балка двигателя',22613),(1565,589,644,'Балка двигателя',20975),(1566,977,645,'Балка двигателя',22038),(1567,344,646,'Балка двигателя',3416),(1568,423,647,'Балка двигателя',14171),(1569,494,648,'Балка двигателя',1073),(1570,782,649,'Балка двигателя',19474),(1571,7,650,'Балка двигателя',9146),(1572,166,651,'Балка двигателя',15538),(1573,579,652,'Балка двигателя',20978),(1574,776,653,'Балка двигателя',10671),(1575,132,654,'Балка двигателя',3306),(1576,1,655,'Балка двигателя',6761),(1577,62,656,'Балка двигателя',3722),(1578,92,657,'Балка двигателя',23850),(1579,558,658,'Балка двигателя',3224),(1580,899,659,'Балка двигателя',10800),(1581,76,660,'Балка двигателя',10493),(1582,48,661,'Балка двигателя',20729),(1583,730,662,'Балка двигателя',23846),(1584,635,663,'Балка двигателя',6562),(1585,373,664,'Балка двигателя',23997),(1586,604,665,'Балка двигателя',15100),(1587,587,666,'Балка двигателя',1365),(1588,348,667,'Балка двигателя',19655),(1589,321,668,'Балка двигателя',5037),(1590,79,669,'Балка двигателя',507),(1591,819,670,'Балка двигателя',9088),(1592,246,671,'Балка двигателя',15016),(1593,703,672,'Балка двигателя',17841),(1594,728,673,'Балка двигателя',10853),(1595,884,674,'Балка двигателя',5060),(1596,390,675,'Балка двигателя',13149),(1597,649,676,'Балка двигателя',2620),(1598,753,677,'Балка двигателя',16354),(1599,833,678,'Балка двигателя',7964),(1600,664,679,'Балка двигателя',6329),(1601,817,680,'Балка двигателя',20518),(1602,815,681,'Балка двигателя',16316),(1603,895,682,'Балка двигателя',4015),(1604,216,683,'Балка двигателя',700),(1605,547,684,'Балка двигателя',182),(1606,168,685,'Балка двигателя',15205),(1607,600,686,'Балка двигателя',10721),(1608,955,687,'Балка двигателя',1802),(1609,796,688,'Балка двигателя',20782),(1610,648,689,'Балка двигателя',14251),(1611,95,690,'Балка двигателя',16219),(1612,700,691,'Балка двигателя',11876),(1613,323,692,'Балка двигателя',8566),(1614,757,693,'Балка двигателя',6892),(1615,242,694,'Балка двигателя',19720),(1616,190,695,'Балка двигателя',9757),(1617,379,696,'Балка двигателя',1972),(1618,353,697,'Балка двигателя',11797),(1619,569,698,'Балка двигателя',3835),(1620,702,699,'Балка двигателя',329),(1621,304,700,'Балка двигателя',1501),(1622,997,701,'Балка двигателя',20809),(1623,324,702,'Балка двигателя',22162),(1624,892,703,'Балка двигателя',4571),(1625,522,704,'Балка двигателя',13839),(1626,992,705,'Балка двигателя',2111),(1627,331,706,'Балка двигателя',22147),(1628,145,707,'Балка двигателя',24096),(1629,747,708,'Балка двигателя',8215),(1630,881,709,'Балка двигателя',20572),(1631,5,710,'Балка двигателя',19141),(1632,224,711,'Балка двигателя',1042),(1633,227,712,'Балка двигателя',6766),(1634,855,713,'Балка двигателя',11706),(1635,337,714,'Балка двигателя',17873),(1636,733,715,'Балка двигателя',9655),(1637,557,716,'Балка двигателя',294),(1638,45,717,'Балка двигателя',19019),(1639,101,718,'Балка двигателя',3486),(1640,832,719,'Балка двигателя',6509),(1641,196,720,'Балка двигателя',7275),(1642,710,721,'Балка двигателя',20266),(1643,889,722,'Балка двигателя',4402),(1644,792,723,'Балка двигателя',1457),(1645,640,724,'Балка двигателя',20599),(1646,886,725,'Балка двигателя',7236),(1647,783,726,'Балка двигателя',18582),(1648,256,727,'Балка двигателя',22627),(1649,538,728,'Балка двигателя',7875),(1650,740,729,'Балка двигателя',3021),(1651,979,730,'Балка двигателя',19558),(1652,64,731,'Балка двигателя',17257),(1653,284,732,'Балка двигателя',4255),(1654,817,733,'Балка двигателя',24429),(1655,705,734,'Балка двигателя',21461),(1656,121,735,'Балка двигателя',16487),(1657,169,736,'Балка двигателя',2630),(1658,30,737,'Балка двигателя',17270),(1659,525,738,'Балка двигателя',12069),(1660,881,739,'Балка двигателя',17644),(1661,1000,740,'Балка двигателя',21658),(1662,431,741,'Балка двигателя',5812),(1663,544,742,'Балка двигателя',15330),(1664,1,743,'Балка двигателя',24708),(1665,616,744,'Балка двигателя',10881),(1666,787,745,'Балка двигателя',14210),(1667,144,746,'Балка двигателя',11731),(1668,349,747,'Балка двигателя',12548),(1669,830,748,'Балка двигателя',11541),(1670,671,749,'Балка двигателя',528),(1671,409,750,'Балка двигателя',13954),(1672,777,751,'Балка двигателя',5913),(1673,86,752,'Балка двигателя',9064),(1674,927,753,'Балка двигателя',18623),(1675,960,754,'Балка двигателя',10743),(1676,67,755,'Балка двигателя',20389),(1677,458,756,'Балка двигателя',3328),(1678,609,757,'Балка двигателя',24622),(1679,226,758,'Балка двигателя',10256),(1680,680,759,'Балка двигателя',4705),(1681,789,760,'Балка двигателя',3914),(1682,360,761,'Балка двигателя',24749),(1683,766,762,'Балка двигателя',12955),(1684,809,763,'Балка двигателя',12836),(1685,356,764,'Балка двигателя',9069),(1686,912,765,'Балка двигателя',520),(1687,820,766,'Балка двигателя',22048),(1688,646,767,'Балка двигателя',6301),(1689,580,768,'Балка двигателя',9400),(1690,984,769,'Балка двигателя',22058),(1691,589,770,'Балка двигателя',2799),(1692,882,771,'Балка двигателя',20463),(1693,657,772,'Балка двигателя',16391),(1694,698,773,'Балка двигателя',3471),(1695,823,774,'Балка двигателя',12108),(1696,585,775,'Балка двигателя',15062),(1697,717,776,'Балка двигателя',9409),(1698,411,777,'Балка двигателя',11958),(1699,342,778,'Балка двигателя',3153),(1700,494,779,'Балка двигателя',15967),(1701,855,780,'Балка двигателя',12066),(1702,711,781,'Балка двигателя',12648),(1703,798,782,'Балка двигателя',4958),(1704,272,783,'Балка двигателя',21184),(1705,876,784,'Балка двигателя',14168),(1706,858,785,'Балка двигателя',22918),(1707,672,786,'Балка двигателя',16537),(1708,55,787,'Балка двигателя',4517),(1709,544,788,'Балка двигателя',10463),(1710,664,789,'Балка двигателя',23973),(1711,826,790,'Балка двигателя',12878),(1712,690,791,'Балка двигателя',24319),(1713,167,792,'Балка двигателя',6051),(1714,828,793,'Балка двигателя',6212),(1715,197,794,'Балка двигателя',12537),(1716,796,795,'Балка двигателя',6198),(1717,907,796,'Балка двигателя',21538),(1718,524,797,'Балка двигателя',4468),(1719,806,798,'Балка двигателя',6115),(1720,468,799,'Балка двигателя',6870),(1721,371,800,'Балка двигателя',17573),(1722,781,801,'Балка двигателя',5080),(1723,975,802,'Балка двигателя',20392),(1724,169,803,'Балка двигателя',2165),(1725,946,804,'Балка двигателя',15838),(1726,396,805,'Балка двигателя',12593),(1727,687,806,'Балка двигателя',13249),(1728,563,807,'Балка двигателя',278),(1729,540,808,'Балка двигателя',15973),(1730,580,809,'Балка двигателя',23897),(1731,361,810,'Балка двигателя',11592),(1732,645,811,'Балка двигателя',10050),(1733,226,812,'Балка двигателя',23471),(1734,87,813,'Балка двигателя',3957),(1735,183,814,'Балка двигателя',17565),(1736,386,815,'Балка двигателя',22447),(1737,958,816,'Балка двигателя',6452),(1738,761,817,'Балка двигателя',6777),(1739,314,818,'Балка двигателя',19480),(1740,820,819,'Балка двигателя',3476),(1741,178,820,'Балка двигателя',4841),(1742,963,821,'Балка двигателя',4186),(1743,211,822,'Балка двигателя',18159),(1744,454,823,'Балка двигателя',20344),(1745,879,824,'Балка двигателя',3292),(1746,336,825,'Балка двигателя',21321),(1747,364,826,'Балка двигателя',24479),(1748,697,827,'Балка двигателя',3130),(1749,184,828,'Балка двигателя',16729),(1750,219,829,'Балка двигателя',11346),(1751,335,830,'Балка двигателя',23360),(1752,904,831,'Балка двигателя',17640),(1753,213,832,'Балка двигателя',21501),(1754,222,833,'Балка двигателя',17613),(1755,560,834,'Балка двигателя',23916),(1756,851,835,'Балка двигателя',14898),(1757,344,836,'Балка двигателя',18859),(1758,92,837,'Балка двигателя',6850),(1759,646,838,'Балка двигателя',11883),(1760,772,839,'Балка двигателя',19011),(1761,722,840,'Балка двигателя',7046),(1762,692,841,'Балка двигателя',9209),(1763,263,842,'Балка двигателя',8601),(1764,433,843,'Балка двигателя',20731),(1765,458,844,'Балка двигателя',15670),(1766,899,845,'Балка двигателя',9903),(1767,521,846,'Балка двигателя',1652),(1768,64,847,'Балка двигателя',1999),(1769,463,848,'Балка двигателя',18399),(1770,754,849,'Балка двигателя',7299),(1771,418,850,'Балка двигателя',17762),(1772,267,851,'Балка двигателя',1419),(1773,551,852,'Балка двигателя',14982),(1774,579,853,'Балка двигателя',7795),(1775,643,854,'Балка двигателя',14577),(1776,523,855,'Балка двигателя',18743),(1777,118,856,'Балка двигателя',13873),(1778,473,857,'Балка двигателя',13385),(1779,862,858,'Балка двигателя',11289),(1780,771,859,'Балка двигателя',3767),(1781,619,860,'Балка двигателя',8417),(1782,389,861,'Балка двигателя',916),(1783,724,862,'Балка двигателя',2942),(1784,384,863,'Балка двигателя',13840),(1785,993,864,'Балка двигателя',17994),(1786,891,865,'Балка двигателя',302),(1787,859,866,'Балка двигателя',7647),(1788,860,867,'Балка двигателя',9425),(1789,154,868,'Балка двигателя',22211),(1790,25,869,'Балка двигателя',19517),(1791,239,870,'Балка двигателя',7860),(1792,734,871,'Балка двигателя',14421),(1793,811,872,'Балка двигателя',21626),(1794,250,873,'Балка двигателя',10658),(1795,294,874,'Балка двигателя',9158),(1796,414,875,'Балка двигателя',17370),(1797,375,876,'Балка двигателя',18512),(1798,378,877,'Балка двигателя',324),(1799,458,878,'Балка двигателя',8614),(1800,567,879,'Балка двигателя',8755),(1801,996,880,'Балка двигателя',21337),(1802,339,881,'Балка двигателя',14703),(1803,106,882,'Балка двигателя',16580),(1804,942,883,'Балка двигателя',1392),(1805,293,884,'Балка двигателя',18538),(1806,111,885,'Балка двигателя',23369),(1807,148,886,'Балка двигателя',12673),(1808,750,887,'Балка двигателя',7157),(1809,800,888,'Балка двигателя',15414),(1810,743,889,'Балка двигателя',8446),(1811,179,890,'Балка двигателя',7909),(1812,804,891,'Балка двигателя',24503),(1813,652,892,'Балка двигателя',14754),(1814,231,893,'Балка двигателя',24163),(1815,538,894,'Балка двигателя',4935),(1816,130,895,'Балка двигателя',21329),(1817,213,896,'Балка двигателя',17737),(1818,826,897,'Балка двигателя',14286),(1819,633,898,'Балка двигателя',7892),(1820,965,899,'Балка двигателя',1359),(1821,144,900,'Балка двигателя',1509),(1822,756,901,'Балка двигателя',18578),(1823,39,902,'Балка двигателя',9136),(1824,697,903,'Балка двигателя',9240),(1825,810,904,'Балка двигателя',6076),(1826,954,905,'Балка двигателя',9970),(1827,554,906,'Балка двигателя',216),(1828,156,907,'Балка двигателя',10997),(1829,974,908,'Балка двигателя',22697),(1830,259,909,'Балка двигателя',18822),(1831,945,910,'Балка двигателя',21073),(1832,335,911,'Балка двигателя',2818),(1833,560,912,'Балка двигателя',12405),(1834,562,913,'Балка двигателя',19608),(1835,775,914,'Балка двигателя',19506),(1836,0,915,'Балка двигателя',18465),(1837,390,916,'Балка двигателя',3967),(1838,57,917,'Балка двигателя',4100),(1839,681,918,'Балка двигателя',4912),(1840,157,919,'Балка двигателя',11251),(1841,676,920,'Балка двигателя',11315),(1842,238,1,'Блок цилиндров',9929),(1843,401,2,'Блок цилиндров',24872),(1844,68,3,'Блок цилиндров',427),(1845,648,4,'Блок цилиндров',13751),(1846,959,5,'Блок цилиндров',20735),(1847,18,6,'Блок цилиндров',24889),(1848,155,7,'Блок цилиндров',609),(1849,965,8,'Блок цилиндров',787),(1850,362,9,'Блок цилиндров',22945),(1851,364,10,'Блок цилиндров',19442),(1852,920,11,'Блок цилиндров',4784),(1853,77,12,'Блок цилиндров',7573),(1854,119,13,'Блок цилиндров',10907),(1855,453,14,'Блок цилиндров',13719),(1856,770,15,'Блок цилиндров',6365),(1857,746,16,'Блок цилиндров',19912),(1858,477,17,'Блок цилиндров',22923),(1859,966,18,'Блок цилиндров',23850),(1860,269,19,'Блок цилиндров',16451),(1861,566,20,'Блок цилиндров',3765),(1862,578,21,'Блок цилиндров',13915),(1863,697,22,'Блок цилиндров',20901),(1864,45,23,'Блок цилиндров',12569),(1865,391,24,'Блок цилиндров',10213),(1866,536,25,'Блок цилиндров',20753),(1867,719,26,'Блок цилиндров',17335),(1868,519,27,'Блок цилиндров',23764),(1869,339,28,'Блок цилиндров',13150),(1870,826,29,'Блок цилиндров',2516),(1871,985,30,'Блок цилиндров',19352),(1872,839,31,'Блок цилиндров',8624),(1873,725,32,'Блок цилиндров',16163),(1874,42,33,'Блок цилиндров',3334),(1875,474,34,'Блок цилиндров',24961),(1876,176,35,'Блок цилиндров',7094),(1877,918,36,'Блок цилиндров',24363),(1878,188,37,'Блок цилиндров',24591),(1879,352,38,'Блок цилиндров',23231),(1880,863,39,'Блок цилиндров',6639),(1881,357,40,'Блок цилиндров',15174),(1882,530,41,'Блок цилиндров',13053),(1883,730,42,'Блок цилиндров',13517),(1884,889,43,'Блок цилиндров',23949),(1885,959,44,'Блок цилиндров',10767),(1886,415,45,'Блок цилиндров',12232),(1887,284,46,'Блок цилиндров',5266),(1888,351,47,'Блок цилиндров',9041),(1889,920,48,'Блок цилиндров',16132),(1890,309,49,'Блок цилиндров',3719),(1891,67,50,'Блок цилиндров',13428),(1892,539,51,'Блок цилиндров',3019),(1893,137,52,'Блок цилиндров',948),(1894,658,53,'Блок цилиндров',596),(1895,381,54,'Блок цилиндров',8981),(1896,1,55,'Блок цилиндров',18591),(1897,199,56,'Блок цилиндров',22059),(1898,902,57,'Блок цилиндров',2842),(1899,69,58,'Блок цилиндров',14616),(1900,438,59,'Блок цилиндров',20832),(1901,956,60,'Блок цилиндров',17640),(1902,652,61,'Блок цилиндров',15513),(1903,312,62,'Блок цилиндров',6898),(1904,462,63,'Блок цилиндров',20014),(1905,850,64,'Блок цилиндров',7327),(1906,634,65,'Блок цилиндров',8645),(1907,159,66,'Блок цилиндров',21764),(1908,542,67,'Блок цилиндров',10969),(1909,484,68,'Блок цилиндров',13526),(1910,948,69,'Блок цилиндров',2883),(1911,752,70,'Блок цилиндров',288),(1912,270,71,'Блок цилиндров',17338),(1913,607,72,'Блок цилиндров',20127),(1914,693,73,'Блок цилиндров',20383),(1915,492,74,'Блок цилиндров',18765),(1916,571,75,'Блок цилиндров',7055),(1917,647,76,'Блок цилиндров',24628),(1918,495,77,'Блок цилиндров',14860),(1919,860,78,'Блок цилиндров',20313),(1920,285,79,'Блок цилиндров',24787),(1921,233,80,'Блок цилиндров',22126),(1922,324,81,'Блок цилиндров',15606),(1923,380,82,'Блок цилиндров',16015),(1924,411,83,'Блок цилиндров',24990),(1925,729,84,'Блок цилиндров',18429),(1926,395,85,'Блок цилиндров',17355),(1927,338,86,'Блок цилиндров',22535),(1928,934,87,'Блок цилиндров',5068),(1929,257,88,'Блок цилиндров',20762),(1930,752,89,'Блок цилиндров',1185),(1931,301,90,'Блок цилиндров',234),(1932,894,91,'Блок цилиндров',16126),(1933,256,92,'Блок цилиндров',2087),(1934,615,93,'Блок цилиндров',6213),(1935,218,94,'Блок цилиндров',17441),(1936,333,95,'Блок цилиндров',15971),(1937,911,96,'Блок цилиндров',10726),(1938,977,97,'Блок цилиндров',15938),(1939,204,98,'Блок цилиндров',20774),(1940,288,99,'Блок цилиндров',20757),(1941,276,100,'Блок цилиндров',21398),(1942,184,101,'Блок цилиндров',1519),(1943,495,102,'Блок цилиндров',16428),(1944,430,103,'Блок цилиндров',20121),(1945,342,104,'Блок цилиндров',1894),(1946,191,105,'Блок цилиндров',19751),(1947,510,106,'Блок цилиндров',23627),(1948,256,107,'Блок цилиндров',7217),(1949,935,108,'Блок цилиндров',11289),(1950,351,109,'Блок цилиндров',14587),(1951,186,110,'Блок цилиндров',14393),(1952,986,111,'Блок цилиндров',24956),(1953,228,112,'Блок цилиндров',15517),(1954,257,113,'Блок цилиндров',8295),(1955,363,114,'Блок цилиндров',16888),(1956,141,115,'Блок цилиндров',18745),(1957,778,116,'Блок цилиндров',14970),(1958,503,117,'Блок цилиндров',18337),(1959,581,118,'Блок цилиндров',4173),(1960,641,119,'Блок цилиндров',14177),(1961,910,120,'Блок цилиндров',18289),(1962,719,121,'Блок цилиндров',2503),(1963,942,122,'Блок цилиндров',17858),(1964,116,123,'Блок цилиндров',9213),(1965,335,124,'Блок цилиндров',22076),(1966,212,125,'Блок цилиндров',18132),(1967,702,126,'Блок цилиндров',14478),(1968,897,127,'Блок цилиндров',18864),(1969,779,128,'Блок цилиндров',20668),(1970,851,129,'Блок цилиндров',7874),(1971,701,130,'Блок цилиндров',4476),(1972,876,131,'Блок цилиндров',19339),(1973,996,132,'Блок цилиндров',13410),(1974,714,133,'Блок цилиндров',11879),(1975,768,134,'Блок цилиндров',24695),(1976,299,135,'Блок цилиндров',20206),(1977,441,136,'Блок цилиндров',7444),(1978,248,137,'Блок цилиндров',6142),(1979,646,138,'Блок цилиндров',2314),(1980,635,139,'Блок цилиндров',16002),(1981,339,140,'Блок цилиндров',3818),(1982,54,141,'Блок цилиндров',893),(1983,678,142,'Блок цилиндров',2894),(1984,516,143,'Блок цилиндров',17165),(1985,37,144,'Блок цилиндров',3941),(1986,240,145,'Блок цилиндров',5558),(1987,778,146,'Блок цилиндров',12033),(1988,19,147,'Блок цилиндров',16313),(1989,859,148,'Блок цилиндров',9303),(1990,34,149,'Блок цилиндров',7819),(1991,756,150,'Блок цилиндров',20154),(1992,526,151,'Блок цилиндров',12389),(1993,856,152,'Блок цилиндров',20600),(1994,365,153,'Блок цилиндров',2680),(1995,856,154,'Блок цилиндров',22912),(1996,373,155,'Блок цилиндров',7978),(1997,811,156,'Блок цилиндров',17779),(1998,434,157,'Блок цилиндров',4623),(1999,780,158,'Блок цилиндров',19927),(2000,177,159,'Блок цилиндров',23268),(2001,613,160,'Блок цилиндров',20440),(2002,47,161,'Блок цилиндров',21214),(2003,729,162,'Блок цилиндров',23343),(2004,146,163,'Блок цилиндров',3490),(2005,724,164,'Блок цилиндров',426),(2006,584,165,'Блок цилиндров',23425),(2007,596,166,'Блок цилиндров',17881),(2008,369,167,'Блок цилиндров',5729),(2009,86,168,'Блок цилиндров',21111),(2010,634,169,'Блок цилиндров',22349),(2011,480,170,'Блок цилиндров',6663),(2012,711,171,'Блок цилиндров',22694),(2013,732,172,'Блок цилиндров',10049),(2014,1,173,'Блок цилиндров',18934),(2015,723,174,'Блок цилиндров',3238),(2016,290,175,'Блок цилиндров',7054),(2017,653,176,'Блок цилиндров',24529),(2018,344,177,'Блок цилиндров',10519),(2019,644,178,'Блок цилиндров',4563),(2020,138,179,'Блок цилиндров',4423),(2021,263,180,'Блок цилиндров',15691),(2022,257,181,'Блок цилиндров',1435),(2023,662,182,'Блок цилиндров',276),(2024,949,183,'Блок цилиндров',14080),(2025,686,184,'Блок цилиндров',4054),(2026,426,185,'Блок цилиндров',393),(2027,399,186,'Блок цилиндров',6642),(2028,871,187,'Блок цилиндров',23293),(2029,146,188,'Блок цилиндров',14024),(2030,906,189,'Блок цилиндров',10424),(2031,926,190,'Блок цилиндров',2342),(2032,22,191,'Блок цилиндров',12304),(2033,183,192,'Блок цилиндров',13803),(2034,177,193,'Блок цилиндров',7683),(2035,689,194,'Блок цилиндров',14386),(2036,631,195,'Блок цилиндров',5018),(2037,636,196,'Блок цилиндров',21710),(2038,11,197,'Блок цилиндров',14535),(2039,229,198,'Блок цилиндров',15960),(2040,889,199,'Блок цилиндров',19207),(2041,930,200,'Блок цилиндров',8050),(2042,931,201,'Блок цилиндров',19087),(2043,173,202,'Блок цилиндров',1988),(2044,348,203,'Блок цилиндров',15975),(2045,131,204,'Блок цилиндров',3230),(2046,84,205,'Блок цилиндров',20552),(2047,117,206,'Блок цилиндров',1077),(2048,465,207,'Блок цилиндров',4311),(2049,226,208,'Блок цилиндров',2224),(2050,349,209,'Блок цилиндров',6300),(2051,791,210,'Блок цилиндров',8196),(2052,95,211,'Блок цилиндров',1895),(2053,996,212,'Блок цилиндров',3734),(2054,518,213,'Блок цилиндров',6339),(2055,272,214,'Блок цилиндров',1319),(2056,891,215,'Блок цилиндров',18671),(2057,635,216,'Блок цилиндров',20629),(2058,517,217,'Блок цилиндров',1209),(2059,277,218,'Блок цилиндров',7286),(2060,245,219,'Блок цилиндров',16187),(2061,66,220,'Блок цилиндров',11327),(2062,79,221,'Блок цилиндров',6825),(2063,767,222,'Блок цилиндров',6635),(2064,594,223,'Блок цилиндров',7031),(2065,720,224,'Блок цилиндров',13345),(2066,768,225,'Блок цилиндров',16133),(2067,210,226,'Блок цилиндров',8469),(2068,713,227,'Блок цилиндров',19029),(2069,90,228,'Блок цилиндров',19788),(2070,782,229,'Блок цилиндров',10852),(2071,413,230,'Блок цилиндров',8366),(2072,831,231,'Блок цилиндров',10422),(2073,197,232,'Блок цилиндров',9242),(2074,759,233,'Блок цилиндров',884),(2075,529,234,'Блок цилиндров',10959),(2076,729,235,'Блок цилиндров',10298),(2077,50,236,'Блок цилиндров',20620),(2078,39,237,'Блок цилиндров',5955),(2079,771,238,'Блок цилиндров',15791),(2080,108,239,'Блок цилиндров',12169),(2081,399,240,'Блок цилиндров',8864),(2082,960,241,'Блок цилиндров',15316),(2083,936,242,'Блок цилиндров',17215),(2084,60,243,'Блок цилиндров',17604),(2085,47,244,'Блок цилиндров',3140),(2086,515,245,'Блок цилиндров',21008),(2087,557,246,'Блок цилиндров',2781),(2088,463,247,'Блок цилиндров',7916),(2089,893,248,'Блок цилиндров',9447),(2090,47,249,'Блок цилиндров',1776),(2091,742,250,'Блок цилиндров',9528),(2092,586,251,'Блок цилиндров',24841),(2093,527,252,'Блок цилиндров',24749),(2094,615,253,'Блок цилиндров',7583),(2095,466,254,'Блок цилиндров',17188),(2096,840,255,'Блок цилиндров',12141),(2097,408,256,'Блок цилиндров',1379),(2098,10,257,'Блок цилиндров',17473),(2099,380,258,'Блок цилиндров',23001),(2100,396,259,'Блок цилиндров',7808),(2101,713,260,'Блок цилиндров',16230),(2102,397,261,'Блок цилиндров',2962),(2103,412,262,'Блок цилиндров',14065),(2104,391,263,'Блок цилиндров',12765),(2105,630,264,'Блок цилиндров',17881),(2106,133,265,'Блок цилиндров',21314),(2107,746,266,'Блок цилиндров',1024),(2108,5,267,'Блок цилиндров',9792),(2109,910,268,'Блок цилиндров',23266),(2110,182,269,'Блок цилиндров',3569),(2111,645,270,'Блок цилиндров',8603),(2112,582,271,'Блок цилиндров',2877),(2113,689,272,'Блок цилиндров',15816),(2114,70,273,'Блок цилиндров',7033),(2115,74,274,'Блок цилиндров',2079),(2116,970,275,'Блок цилиндров',12932),(2117,375,276,'Блок цилиндров',23353),(2118,595,277,'Блок цилиндров',3692),(2119,937,278,'Блок цилиндров',10177),(2120,63,279,'Блок цилиндров',14082),(2121,593,280,'Блок цилиндров',6526),(2122,246,281,'Блок цилиндров',19174),(2123,594,282,'Блок цилиндров',22853),(2124,522,283,'Блок цилиндров',18716),(2125,673,284,'Блок цилиндров',14404),(2126,295,285,'Блок цилиндров',22321),(2127,678,286,'Блок цилиндров',18217),(2128,444,287,'Блок цилиндров',7464),(2129,83,288,'Блок цилиндров',17246),(2130,586,289,'Блок цилиндров',19597),(2131,287,290,'Блок цилиндров',14623),(2132,502,291,'Блок цилиндров',1166),(2133,320,292,'Блок цилиндров',17148),(2134,804,293,'Блок цилиндров',20736),(2135,322,294,'Блок цилиндров',8156),(2136,666,295,'Блок цилиндров',15958),(2137,145,296,'Блок цилиндров',14784),(2138,487,297,'Блок цилиндров',8252),(2139,432,298,'Блок цилиндров',14897),(2140,536,299,'Блок цилиндров',11271),(2141,358,300,'Блок цилиндров',14787),(2142,277,301,'Блок цилиндров',20638),(2143,89,302,'Блок цилиндров',2829),(2144,22,303,'Блок цилиндров',15032),(2145,280,304,'Блок цилиндров',6825),(2146,349,305,'Блок цилиндров',13936),(2147,494,306,'Блок цилиндров',1429),(2148,215,307,'Блок цилиндров',2582),(2149,599,308,'Блок цилиндров',3323),(2150,405,309,'Блок цилиндров',9632),(2151,139,310,'Блок цилиндров',23441),(2152,37,311,'Блок цилиндров',8663),(2153,197,312,'Блок цилиндров',6489),(2154,896,313,'Блок цилиндров',9141),(2155,498,314,'Блок цилиндров',12013),(2156,598,315,'Блок цилиндров',9386),(2157,534,316,'Блок цилиндров',14008),(2158,208,317,'Блок цилиндров',652),(2159,912,318,'Блок цилиндров',21245),(2160,462,319,'Блок цилиндров',13093),(2161,405,320,'Блок цилиндров',6367),(2162,856,321,'Блок цилиндров',5046),(2163,399,322,'Блок цилиндров',21877),(2164,261,323,'Блок цилиндров',9438),(2165,829,324,'Блок цилиндров',11614),(2166,346,325,'Блок цилиндров',2091),(2167,600,326,'Блок цилиндров',13185),(2168,172,327,'Блок цилиндров',11897),(2169,873,328,'Блок цилиндров',22920),(2170,112,329,'Блок цилиндров',23724),(2171,171,330,'Блок цилиндров',10097),(2172,7,331,'Блок цилиндров',381),(2173,142,332,'Блок цилиндров',23560),(2174,123,333,'Блок цилиндров',1691),(2175,570,334,'Блок цилиндров',19617),(2176,963,335,'Блок цилиндров',6619),(2177,280,336,'Блок цилиндров',21590),(2178,465,337,'Блок цилиндров',17393),(2179,485,338,'Блок цилиндров',1880),(2180,880,339,'Блок цилиндров',16660),(2181,703,340,'Блок цилиндров',11314),(2182,605,341,'Блок цилиндров',21352),(2183,343,342,'Блок цилиндров',23812),(2184,264,343,'Блок цилиндров',6460),(2185,578,344,'Блок цилиндров',14100),(2186,585,345,'Блок цилиндров',18971),(2187,201,346,'Блок цилиндров',6141),(2188,41,347,'Блок цилиндров',19603),(2189,419,348,'Блок цилиндров',16631),(2190,248,349,'Блок цилиндров',7344),(2191,956,350,'Блок цилиндров',14164),(2192,605,351,'Блок цилиндров',4887),(2193,634,352,'Блок цилиндров',19809),(2194,200,353,'Блок цилиндров',9872),(2195,262,354,'Блок цилиндров',19350),(2196,66,355,'Блок цилиндров',5769),(2197,606,356,'Блок цилиндров',12662),(2198,942,357,'Блок цилиндров',1053),(2199,494,358,'Блок цилиндров',9344),(2200,125,359,'Блок цилиндров',299),(2201,220,360,'Блок цилиндров',20746),(2202,125,361,'Блок цилиндров',9131),(2203,86,362,'Блок цилиндров',4144),(2204,687,363,'Блок цилиндров',22635),(2205,45,364,'Блок цилиндров',18757),(2206,546,365,'Блок цилиндров',14569),(2207,667,366,'Блок цилиндров',1216),(2208,742,367,'Блок цилиндров',5017),(2209,109,368,'Блок цилиндров',10800),(2210,509,369,'Блок цилиндров',1642),(2211,65,370,'Блок цилиндров',14550),(2212,846,371,'Блок цилиндров',1012),(2213,109,372,'Блок цилиндров',18756),(2214,948,373,'Блок цилиндров',5147),(2215,571,374,'Блок цилиндров',18804),(2216,161,375,'Блок цилиндров',15205),(2217,757,376,'Блок цилиндров',6034),(2218,520,377,'Блок цилиндров',5577),(2219,461,378,'Блок цилиндров',24098),(2220,766,379,'Блок цилиндров',15959),(2221,707,380,'Блок цилиндров',4376),(2222,28,381,'Блок цилиндров',14898),(2223,709,382,'Блок цилиндров',20789),(2224,411,383,'Блок цилиндров',19039),(2225,119,384,'Блок цилиндров',19493),(2226,714,385,'Блок цилиндров',16939),(2227,785,386,'Блок цилиндров',5637),(2228,894,387,'Блок цилиндров',14967),(2229,45,388,'Блок цилиндров',22971),(2230,328,389,'Блок цилиндров',12569),(2231,535,390,'Блок цилиндров',20495),(2232,974,391,'Блок цилиндров',1123),(2233,224,392,'Блок цилиндров',12868),(2234,66,393,'Блок цилиндров',23365),(2235,768,394,'Блок цилиндров',24248),(2236,903,395,'Блок цилиндров',22819),(2237,150,396,'Блок цилиндров',18141),(2238,461,397,'Блок цилиндров',22950),(2239,954,398,'Блок цилиндров',18118),(2240,150,399,'Блок цилиндров',1712),(2241,857,400,'Блок цилиндров',18031),(2242,698,401,'Блок цилиндров',24936),(2243,381,402,'Блок цилиндров',23643),(2244,307,403,'Блок цилиндров',19544),(2245,761,404,'Блок цилиндров',6728),(2246,898,405,'Блок цилиндров',21868),(2247,699,406,'Блок цилиндров',1524),(2248,747,407,'Блок цилиндров',11318),(2249,934,408,'Блок цилиндров',5975),(2250,291,409,'Блок цилиндров',9516),(2251,954,410,'Блок цилиндров',19276),(2252,765,411,'Блок цилиндров',15627),(2253,502,412,'Блок цилиндров',18322),(2254,409,413,'Блок цилиндров',1919),(2255,59,414,'Блок цилиндров',3042),(2256,992,415,'Блок цилиндров',23936),(2257,779,416,'Блок цилиндров',18548),(2258,612,417,'Блок цилиндров',934),(2259,298,418,'Блок цилиндров',10374),(2260,948,419,'Блок цилиндров',23855),(2261,372,420,'Блок цилиндров',18594),(2262,800,421,'Блок цилиндров',16889),(2263,401,422,'Блок цилиндров',11921),(2264,843,423,'Блок цилиндров',10303),(2265,143,424,'Блок цилиндров',3539),(2266,174,425,'Блок цилиндров',6602),(2267,606,426,'Блок цилиндров',11766),(2268,120,427,'Блок цилиндров',6859),(2269,740,428,'Блок цилиндров',24262),(2270,3,429,'Блок цилиндров',944),(2271,281,430,'Блок цилиндров',315),(2272,881,431,'Блок цилиндров',16274),(2273,415,432,'Блок цилиндров',19942),(2274,657,433,'Блок цилиндров',14419),(2275,259,434,'Блок цилиндров',19660),(2276,382,435,'Блок цилиндров',8534),(2277,881,436,'Блок цилиндров',20926),(2278,676,437,'Блок цилиндров',15733),(2279,972,438,'Блок цилиндров',190),(2280,965,439,'Блок цилиндров',16322),(2281,151,440,'Блок цилиндров',1359),(2282,535,441,'Блок цилиндров',10568),(2283,481,442,'Блок цилиндров',7596),(2284,664,443,'Блок цилиндров',21642),(2285,734,444,'Блок цилиндров',23204),(2286,375,445,'Блок цилиндров',2818),(2287,468,446,'Блок цилиндров',8397),(2288,808,447,'Блок цилиндров',24166),(2289,72,448,'Блок цилиндров',9982),(2290,68,449,'Блок цилиндров',3881),(2291,881,450,'Блок цилиндров',3064),(2292,367,451,'Блок цилиндров',20615),(2293,792,452,'Блок цилиндров',17602),(2294,818,453,'Блок цилиндров',1639),(2295,818,454,'Блок цилиндров',8322),(2296,284,455,'Блок цилиндров',11516),(2297,954,456,'Блок цилиндров',8047),(2298,207,457,'Блок цилиндров',3315),(2299,669,458,'Блок цилиндров',7458),(2300,847,459,'Блок цилиндров',8217),(2301,695,460,'Блок цилиндров',19959),(2302,458,461,'Блок цилиндров',3101),(2303,170,462,'Блок цилиндров',4755),(2304,638,463,'Блок цилиндров',14855),(2305,555,464,'Блок цилиндров',5300),(2306,824,465,'Блок цилиндров',3180),(2307,961,466,'Блок цилиндров',15720),(2308,382,467,'Блок цилиндров',14172),(2309,753,468,'Блок цилиндров',11097),(2310,104,469,'Блок цилиндров',11824),(2311,258,470,'Блок цилиндров',3913),(2312,176,471,'Блок цилиндров',2417),(2313,808,472,'Блок цилиндров',14520),(2314,899,473,'Блок цилиндров',6199),(2315,233,474,'Блок цилиндров',5083),(2316,611,475,'Блок цилиндров',11666),(2317,178,476,'Блок цилиндров',7740),(2318,573,477,'Блок цилиндров',24782),(2319,483,478,'Блок цилиндров',15726),(2320,828,479,'Блок цилиндров',16339),(2321,759,480,'Блок цилиндров',23220),(2322,349,481,'Блок цилиндров',7119),(2323,79,482,'Блок цилиндров',15796),(2324,146,483,'Блок цилиндров',18253),(2325,866,484,'Блок цилиндров',3319),(2326,40,485,'Блок цилиндров',18850),(2327,668,486,'Блок цилиндров',13377),(2328,89,487,'Блок цилиндров',19618),(2329,639,488,'Блок цилиндров',14441),(2330,89,489,'Блок цилиндров',11835),(2331,602,490,'Блок цилиндров',13622),(2332,879,491,'Блок цилиндров',19397),(2333,868,492,'Блок цилиндров',112),(2334,766,493,'Блок цилиндров',2272),(2335,527,494,'Блок цилиндров',2487),(2336,721,495,'Блок цилиндров',9359),(2337,82,496,'Блок цилиндров',14067),(2338,179,497,'Блок цилиндров',23841),(2339,253,498,'Блок цилиндров',14354),(2340,50,499,'Блок цилиндров',19704),(2341,602,500,'Блок цилиндров',5562),(2342,981,501,'Блок цилиндров',21555),(2343,602,502,'Блок цилиндров',21706),(2344,498,503,'Блок цилиндров',12913),(2345,66,504,'Блок цилиндров',15559),(2346,121,505,'Блок цилиндров',8962),(2347,101,506,'Блок цилиндров',2698),(2348,259,507,'Блок цилиндров',18590),(2349,311,508,'Блок цилиндров',5385),(2350,608,509,'Блок цилиндров',17920),(2351,349,510,'Блок цилиндров',11544),(2352,500,511,'Блок цилиндров',15681),(2353,509,512,'Блок цилиндров',1203),(2354,893,513,'Блок цилиндров',24138),(2355,492,514,'Блок цилиндров',8048),(2356,943,515,'Блок цилиндров',11690),(2357,39,516,'Блок цилиндров',206),(2358,133,517,'Блок цилиндров',9869),(2359,592,518,'Блок цилиндров',12585),(2360,658,519,'Блок цилиндров',8821),(2361,496,520,'Блок цилиндров',11029),(2362,655,521,'Блок цилиндров',792),(2363,416,522,'Блок цилиндров',8686),(2364,15,523,'Блок цилиндров',7917),(2365,826,524,'Блок цилиндров',23058),(2366,155,525,'Блок цилиндров',18816),(2367,150,526,'Блок цилиндров',5132),(2368,315,527,'Блок цилиндров',14792),(2369,909,528,'Блок цилиндров',13179),(2370,344,529,'Блок цилиндров',20639),(2371,318,530,'Блок цилиндров',10107),(2372,501,531,'Блок цилиндров',21325),(2373,962,532,'Блок цилиндров',16638),(2374,507,533,'Блок цилиндров',6103),(2375,744,534,'Блок цилиндров',3295),(2376,193,535,'Блок цилиндров',13469),(2377,484,536,'Блок цилиндров',9648),(2378,431,537,'Блок цилиндров',15750),(2379,169,538,'Блок цилиндров',23471),(2380,422,539,'Блок цилиндров',8491),(2381,377,540,'Блок цилиндров',6723),(2382,649,541,'Блок цилиндров',12443),(2383,402,542,'Блок цилиндров',20417),(2384,166,543,'Блок цилиндров',8336),(2385,219,544,'Блок цилиндров',10643),(2386,658,545,'Блок цилиндров',20233),(2387,97,546,'Блок цилиндров',22145),(2388,248,547,'Блок цилиндров',12362),(2389,7,548,'Блок цилиндров',955),(2390,430,549,'Блок цилиндров',2063),(2391,137,550,'Блок цилиндров',17468),(2392,766,551,'Блок цилиндров',20555),(2393,272,552,'Блок цилиндров',17647),(2394,16,553,'Блок цилиндров',3093),(2395,911,554,'Блок цилиндров',12828),(2396,787,555,'Блок цилиндров',22652),(2397,324,556,'Блок цилиндров',346),(2398,364,557,'Блок цилиндров',10865),(2399,936,558,'Блок цилиндров',19903),(2400,532,559,'Блок цилиндров',13214),(2401,536,560,'Блок цилиндров',14575),(2402,643,561,'Блок цилиндров',24664),(2403,842,562,'Блок цилиндров',22062),(2404,677,563,'Блок цилиндров',2106),(2405,918,564,'Блок цилиндров',4927),(2406,474,565,'Блок цилиндров',2169),(2407,214,566,'Блок цилиндров',6120),(2408,879,567,'Блок цилиндров',8881),(2409,660,568,'Блок цилиндров',234),(2410,837,569,'Блок цилиндров',6107),(2411,451,570,'Блок цилиндров',24234),(2412,579,571,'Блок цилиндров',20666),(2413,960,572,'Блок цилиндров',22637),(2414,781,573,'Блок цилиндров',9156),(2415,916,574,'Блок цилиндров',15425),(2416,179,575,'Блок цилиндров',1512),(2417,744,576,'Блок цилиндров',19927),(2418,759,577,'Блок цилиндров',16978),(2419,527,578,'Блок цилиндров',23669),(2420,682,579,'Блок цилиндров',7452),(2421,791,580,'Блок цилиндров',14684),(2422,575,581,'Блок цилиндров',4846),(2423,357,582,'Блок цилиндров',10924),(2424,718,583,'Блок цилиндров',13108),(2425,471,584,'Блок цилиндров',24949),(2426,868,585,'Блок цилиндров',24817),(2427,437,586,'Блок цилиндров',23442),(2428,715,587,'Блок цилиндров',19581),(2429,665,588,'Блок цилиндров',5046),(2430,285,589,'Блок цилиндров',22265),(2431,963,590,'Блок цилиндров',2362),(2432,113,591,'Блок цилиндров',12328),(2433,330,592,'Блок цилиндров',2049),(2434,939,593,'Блок цилиндров',2301),(2435,346,594,'Блок цилиндров',16215),(2436,627,595,'Блок цилиндров',21917),(2437,442,596,'Блок цилиндров',20720),(2438,926,597,'Блок цилиндров',4539),(2439,707,598,'Блок цилиндров',12985),(2440,55,599,'Блок цилиндров',15870),(2441,226,600,'Блок цилиндров',9811),(2442,456,601,'Блок цилиндров',6661),(2443,94,602,'Блок цилиндров',15016),(2444,303,603,'Блок цилиндров',13722),(2445,668,604,'Блок цилиндров',10814),(2446,758,605,'Блок цилиндров',6710),(2447,807,606,'Блок цилиндров',12203),(2448,584,607,'Блок цилиндров',14969),(2449,141,608,'Блок цилиндров',19202),(2450,497,609,'Блок цилиндров',17868),(2451,721,610,'Блок цилиндров',10596),(2452,879,611,'Блок цилиндров',10199),(2453,235,612,'Блок цилиндров',11112),(2454,256,613,'Блок цилиндров',1578),(2455,239,614,'Блок цилиндров',15765),(2456,772,615,'Блок цилиндров',17472),(2457,69,616,'Блок цилиндров',23898),(2458,812,617,'Блок цилиндров',1235),(2459,553,618,'Блок цилиндров',2998),(2460,915,619,'Блок цилиндров',16892),(2461,138,620,'Блок цилиндров',18287),(2462,787,621,'Блок цилиндров',1393),(2463,980,622,'Блок цилиндров',16089),(2464,453,623,'Блок цилиндров',21568),(2465,806,624,'Блок цилиндров',7957),(2466,867,625,'Блок цилиндров',10332),(2467,268,626,'Блок цилиндров',14834),(2468,981,627,'Блок цилиндров',17991),(2469,166,628,'Блок цилиндров',20531),(2470,889,629,'Блок цилиндров',16821),(2471,730,630,'Блок цилиндров',4886),(2472,605,631,'Блок цилиндров',247),(2473,906,632,'Блок цилиндров',11253),(2474,172,633,'Блок цилиндров',7611),(2475,735,634,'Блок цилиндров',3294),(2476,69,635,'Блок цилиндров',14785),(2477,737,636,'Блок цилиндров',7143),(2478,339,637,'Блок цилиндров',22019),(2479,351,638,'Блок цилиндров',23696),(2480,657,639,'Блок цилиндров',19088),(2481,342,640,'Блок цилиндров',15814),(2482,350,641,'Блок цилиндров',17387),(2483,292,642,'Блок цилиндров',6847),(2484,411,643,'Блок цилиндров',22869),(2485,965,644,'Блок цилиндров',15250),(2486,364,645,'Блок цилиндров',11668),(2487,238,646,'Блок цилиндров',18762),(2488,711,647,'Блок цилиндров',14027),(2489,382,648,'Блок цилиндров',24562),(2490,619,649,'Блок цилиндров',14154),(2491,687,650,'Блок цилиндров',2551),(2492,919,651,'Блок цилиндров',4907),(2493,679,652,'Блок цилиндров',17820),(2494,221,653,'Блок цилиндров',790),(2495,119,654,'Блок цилиндров',13815),(2496,375,655,'Блок цилиндров',5439),(2497,453,656,'Блок цилиндров',22509),(2498,96,657,'Блок цилиндров',1540),(2499,883,658,'Блок цилиндров',4574),(2500,153,659,'Блок цилиндров',20928),(2501,673,660,'Блок цилиндров',503),(2502,537,661,'Блок цилиндров',4315),(2503,896,662,'Блок цилиндров',11294),(2504,323,663,'Блок цилиндров',12499),(2505,596,664,'Блок цилиндров',4413),(2506,841,665,'Блок цилиндров',20927),(2507,779,666,'Блок цилиндров',24445),(2508,310,667,'Блок цилиндров',6380),(2509,267,668,'Блок цилиндров',12959),(2510,664,669,'Блок цилиндров',12796),(2511,346,670,'Блок цилиндров',17773),(2512,987,671,'Блок цилиндров',9360),(2513,152,672,'Блок цилиндров',24996),(2514,330,673,'Блок цилиндров',13265),(2515,438,674,'Блок цилиндров',3770),(2516,121,675,'Блок цилиндров',656),(2517,696,676,'Блок цилиндров',16304),(2518,749,677,'Блок цилиндров',19293),(2519,301,678,'Блок цилиндров',21994),(2520,944,679,'Блок цилиндров',21350),(2521,654,680,'Блок цилиндров',13981),(2522,21,681,'Блок цилиндров',20600),(2523,616,682,'Блок цилиндров',713),(2524,378,683,'Блок цилиндров',21725),(2525,97,684,'Блок цилиндров',23458),(2526,387,685,'Блок цилиндров',8259),(2527,203,686,'Блок цилиндров',22487),(2528,708,687,'Блок цилиндров',6837),(2529,542,688,'Блок цилиндров',8859),(2530,689,689,'Блок цилиндров',17594),(2531,761,690,'Блок цилиндров',2640),(2532,171,691,'Блок цилиндров',14641),(2533,714,692,'Блок цилиндров',12897),(2534,454,693,'Блок цилиндров',15767),(2535,135,694,'Блок цилиндров',23488),(2536,821,695,'Блок цилиндров',7883),(2537,395,696,'Блок цилиндров',23902),(2538,364,697,'Блок цилиндров',13798),(2539,196,698,'Блок цилиндров',24806),(2540,17,699,'Блок цилиндров',12385),(2541,783,700,'Блок цилиндров',19717),(2542,823,701,'Блок цилиндров',22532),(2543,523,702,'Блок цилиндров',22936),(2544,662,703,'Блок цилиндров',15101),(2545,892,704,'Блок цилиндров',19344),(2546,658,705,'Блок цилиндров',19981),(2547,123,706,'Блок цилиндров',20257),(2548,628,707,'Блок цилиндров',12982),(2549,235,708,'Блок цилиндров',3156),(2550,433,709,'Блок цилиндров',23351),(2551,715,710,'Блок цилиндров',19596),(2552,743,711,'Блок цилиндров',20199),(2553,372,712,'Блок цилиндров',1036),(2554,349,713,'Блок цилиндров',9202),(2555,474,714,'Блок цилиндров',8224),(2556,360,715,'Блок цилиндров',5341),(2557,774,716,'Блок цилиндров',5100),(2558,125,717,'Блок цилиндров',203),(2559,731,718,'Блок цилиндров',6687),(2560,282,719,'Блок цилиндров',18788),(2561,796,720,'Блок цилиндров',743),(2562,503,721,'Блок цилиндров',6498),(2563,119,722,'Блок цилиндров',22513),(2564,795,723,'Блок цилиндров',7361),(2565,704,724,'Блок цилиндров',4142),(2566,290,725,'Блок цилиндров',18463),(2567,724,726,'Блок цилиндров',3241),(2568,420,727,'Блок цилиндров',10604),(2569,451,728,'Блок цилиндров',3336),(2570,747,729,'Блок цилиндров',14351),(2571,814,730,'Блок цилиндров',18398),(2572,803,731,'Блок цилиндров',16173),(2573,252,732,'Блок цилиндров',18109),(2574,745,733,'Блок цилиндров',8017),(2575,361,734,'Блок цилиндров',5711),(2576,75,735,'Блок цилиндров',7571),(2577,354,736,'Блок цилиндров',9544),(2578,161,737,'Блок цилиндров',7187),(2579,797,738,'Блок цилиндров',7431),(2580,912,739,'Блок цилиндров',10780),(2581,262,740,'Блок цилиндров',19822),(2582,693,741,'Блок цилиндров',14084),(2583,176,742,'Блок цилиндров',18738),(2584,657,743,'Блок цилиндров',24926),(2585,428,744,'Блок цилиндров',5112),(2586,485,745,'Блок цилиндров',704),(2587,655,746,'Блок цилиндров',21244),(2588,116,747,'Блок цилиндров',16777),(2589,248,748,'Блок цилиндров',9228),(2590,538,749,'Блок цилиндров',20204),(2591,837,750,'Блок цилиндров',12301),(2592,807,751,'Блок цилиндров',20679),(2593,117,752,'Блок цилиндров',7998),(2594,210,753,'Блок цилиндров',13693),(2595,1,754,'Блок цилиндров',17879),(2596,365,755,'Блок цилиндров',10360),(2597,589,756,'Блок цилиндров',17573),(2598,571,757,'Блок цилиндров',14041),(2599,716,758,'Блок цилиндров',19354),(2600,338,759,'Блок цилиндров',1201),(2601,168,760,'Блок цилиндров',18737),(2602,61,761,'Блок цилиндров',22739),(2603,383,762,'Блок цилиндров',4421),(2604,769,763,'Блок цилиндров',12803),(2605,465,764,'Блок цилиндров',14044),(2606,616,765,'Блок цилиндров',18598),(2607,875,766,'Блок цилиндров',22880),(2608,119,767,'Блок цилиндров',12780),(2609,972,768,'Блок цилиндров',24413),(2610,401,769,'Блок цилиндров',23212),(2611,98,770,'Блок цилиндров',1056),(2612,655,771,'Блок цилиндров',3386),(2613,306,772,'Блок цилиндров',16711),(2614,252,773,'Блок цилиндров',5365),(2615,576,774,'Блок цилиндров',13852),(2616,854,775,'Блок цилиндров',8028),(2617,911,776,'Блок цилиндров',20855),(2618,6,777,'Блок цилиндров',7397),(2619,441,778,'Блок цилиндров',11772),(2620,581,779,'Блок цилиндров',3507),(2621,841,780,'Блок цилиндров',10586),(2622,363,781,'Блок цилиндров',6274),(2623,110,782,'Блок цилиндров',5025),(2624,176,783,'Блок цилиндров',13334),(2625,161,784,'Блок цилиндров',5925),(2626,630,785,'Блок цилиндров',24246),(2627,314,786,'Блок цилиндров',6462),(2628,466,787,'Блок цилиндров',2106),(2629,33,788,'Блок цилиндров',9465),(2630,525,789,'Блок цилиндров',7268),(2631,477,790,'Блок цилиндров',5456),(2632,162,791,'Блок цилиндров',14126),(2633,672,792,'Блок цилиндров',23143),(2634,772,793,'Блок цилиндров',22802),(2635,365,794,'Блок цилиндров',7624),(2636,737,795,'Блок цилиндров',6960),(2637,935,796,'Блок цилиндров',5909),(2638,850,797,'Блок цилиндров',21719),(2639,395,798,'Блок цилиндров',17482),(2640,598,799,'Блок цилиндров',11577),(2641,924,800,'Блок цилиндров',18066),(2642,983,801,'Блок цилиндров',21000),(2643,200,802,'Блок цилиндров',8399),(2644,215,803,'Блок цилиндров',12158),(2645,256,804,'Блок цилиндров',17003),(2646,582,805,'Блок цилиндров',22345),(2647,77,806,'Блок цилиндров',19188),(2648,78,807,'Блок цилиндров',12716),(2649,79,808,'Блок цилиндров',6869),(2650,52,809,'Блок цилиндров',23005),(2651,232,810,'Блок цилиндров',21259),(2652,742,811,'Блок цилиндров',329),(2653,797,812,'Блок цилиндров',23936),(2654,373,813,'Блок цилиндров',2974),(2655,328,814,'Блок цилиндров',15416),(2656,403,815,'Блок цилиндров',5941),(2657,218,816,'Блок цилиндров',24049),(2658,72,817,'Блок цилиндров',6105),(2659,245,818,'Блок цилиндров',10632),(2660,819,819,'Блок цилиндров',15449),(2661,336,820,'Блок цилиндров',22286),(2662,511,821,'Блок цилиндров',5774),(2663,387,822,'Блок цилиндров',18117),(2664,908,823,'Блок цилиндров',13166),(2665,534,824,'Блок цилиндров',1759),(2666,382,825,'Блок цилиндров',9829),(2667,351,826,'Блок цилиндров',2360),(2668,93,827,'Блок цилиндров',15363),(2669,534,828,'Блок цилиндров',13690),(2670,868,829,'Блок цилиндров',24491),(2671,351,830,'Блок цилиндров',6347),(2672,940,831,'Блок цилиндров',15850),(2673,187,832,'Блок цилиндров',1023),(2674,316,833,'Блок цилиндров',10204),(2675,770,834,'Блок цилиндров',8276),(2676,300,835,'Блок цилиндров',12158),(2677,109,836,'Блок цилиндров',8625),(2678,362,837,'Блок цилиндров',5328),(2679,719,838,'Блок цилиндров',5068),(2680,265,839,'Блок цилиндров',19336),(2681,889,840,'Блок цилиндров',1768),(2682,227,841,'Блок цилиндров',1455),(2683,956,842,'Блок цилиндров',4725),(2684,41,843,'Блок цилиндров',18990),(2685,518,844,'Блок цилиндров',14083),(2686,628,845,'Блок цилиндров',22948),(2687,111,846,'Блок цилиндров',14594),(2688,350,847,'Блок цилиндров',9628),(2689,694,848,'Блок цилиндров',14036),(2690,983,849,'Блок цилиндров',10769),(2691,813,850,'Блок цилиндров',12789),(2692,644,851,'Блок цилиндров',9356),(2693,743,852,'Блок цилиндров',11920),(2694,646,853,'Блок цилиндров',18946),(2695,222,854,'Блок цилиндров',6190),(2696,494,855,'Блок цилиндров',11896),(2697,711,856,'Блок цилиндров',4270),(2698,290,857,'Блок цилиндров',8282),(2699,406,858,'Блок цилиндров',23524),(2700,679,859,'Блок цилиндров',8172),(2701,311,860,'Блок цилиндров',11605),(2702,849,861,'Блок цилиндров',20924),(2703,518,862,'Блок цилиндров',101),(2704,180,863,'Блок цилиндров',4265),(2705,989,864,'Блок цилиндров',11487),(2706,153,865,'Блок цилиндров',19467),(2707,465,866,'Блок цилиндров',10234),(2708,200,867,'Блок цилиндров',358),(2709,258,868,'Блок цилиндров',14509),(2710,663,869,'Блок цилиндров',21175),(2711,510,870,'Блок цилиндров',8138),(2712,436,871,'Блок цилиндров',22589),(2713,862,872,'Блок цилиндров',21410),(2714,374,873,'Блок цилиндров',24634),(2715,131,874,'Блок цилиндров',6484),(2716,677,875,'Блок цилиндров',20089),(2717,90,876,'Блок цилиндров',14681),(2718,213,877,'Блок цилиндров',24888),(2719,251,878,'Блок цилиндров',7757),(2720,727,879,'Блок цилиндров',8814),(2721,414,880,'Блок цилиндров',9737),(2722,142,881,'Блок цилиндров',448),(2723,463,882,'Блок цилиндров',17374),(2724,197,883,'Блок цилиндров',22228),(2725,344,884,'Блок цилиндров',20905),(2726,836,885,'Блок цилиндров',5002),(2727,117,886,'Блок цилиндров',11803),(2728,79,887,'Блок цилиндров',5461),(2729,685,888,'Блок цилиндров',8372),(2730,660,889,'Блок цилиндров',21897),(2731,199,890,'Блок цилиндров',23983),(2732,559,891,'Блок цилиндров',3056),(2733,858,892,'Блок цилиндров',1219),(2734,947,893,'Блок цилиндров',11518),(2735,599,894,'Блок цилиндров',7401),(2736,240,895,'Блок цилиндров',3413),(2737,693,896,'Блок цилиндров',9964),(2738,432,897,'Блок цилиндров',1973),(2739,801,898,'Блок цилиндров',14096),(2740,475,899,'Блок цилиндров',6930),(2741,842,900,'Блок цилиндров',18807),(2742,824,901,'Блок цилиндров',20641),(2743,710,902,'Блок цилиндров',19556),(2744,375,903,'Блок цилиндров',23212),(2745,108,904,'Блок цилиндров',24746),(2746,21,905,'Блок цилиндров',3374),(2747,385,906,'Блок цилиндров',17218),(2748,165,907,'Блок цилиндров',2656),(2749,600,908,'Блок цилиндров',21557),(2750,518,909,'Блок цилиндров',10159),(2751,664,910,'Блок цилиндров',7049),(2752,760,911,'Блок цилиндров',11227),(2753,607,912,'Блок цилиндров',16522),(2754,959,913,'Блок цилиндров',8397),(2755,341,914,'Блок цилиндров',6784),(2756,486,915,'Блок цилиндров',15640),(2757,964,916,'Блок цилиндров',4154),(2758,159,917,'Блок цилиндров',18582),(2759,257,918,'Блок цилиндров',22895),(2760,954,919,'Блок цилиндров',7679),(2761,829,920,'Блок цилиндров',20811),(2762,421,1,'Болт коленвала',24901),(2763,619,2,'Болт коленвала',15121),(2764,924,3,'Болт коленвала',9008),(2765,841,4,'Болт коленвала',12073),(2766,19,5,'Болт коленвала',3295),(2767,374,6,'Болт коленвала',9456),(2768,755,7,'Болт коленвала',3178),(2769,786,8,'Болт коленвала',19373),(2770,777,9,'Болт коленвала',21691),(2771,352,10,'Болт коленвала',7005),(2772,976,11,'Болт коленвала',8729),(2773,891,12,'Болт коленвала',15701),(2774,430,13,'Болт коленвала',13484),(2775,360,14,'Болт коленвала',5095),(2776,231,15,'Болт коленвала',22890),(2777,943,16,'Болт коленвала',12584),(2778,22,17,'Болт коленвала',22457),(2779,958,18,'Болт коленвала',20691),(2780,550,19,'Болт коленвала',5067),(2781,709,20,'Болт коленвала',3920),(2782,446,21,'Болт коленвала',13590),(2783,973,22,'Болт коленвала',9413),(2784,816,23,'Болт коленвала',10903),(2785,775,24,'Болт коленвала',13873),(2786,207,25,'Болт коленвала',835),(2787,28,26,'Болт коленвала',6927),(2788,428,27,'Болт коленвала',9076),(2789,665,28,'Болт коленвала',12325),(2790,402,29,'Болт коленвала',7087),(2791,744,30,'Болт коленвала',758),(2792,25,31,'Болт коленвала',15681),(2793,733,32,'Болт коленвала',19590),(2794,309,33,'Болт коленвала',7717),(2795,579,34,'Болт коленвала',20581),(2796,403,35,'Болт коленвала',7555),(2797,987,36,'Болт коленвала',23765),(2798,523,37,'Болт коленвала',10267),(2799,990,38,'Болт коленвала',14113),(2800,445,39,'Болт коленвала',508),(2801,622,40,'Болт коленвала',7359),(2802,449,41,'Болт коленвала',12550),(2803,477,42,'Болт коленвала',22873),(2804,620,43,'Болт коленвала',16406),(2805,282,44,'Болт коленвала',15610),(2806,742,45,'Болт коленвала',8176),(2807,772,46,'Болт коленвала',7921),(2808,26,47,'Болт коленвала',18128),(2809,557,48,'Болт коленвала',14989),(2810,846,49,'Болт коленвала',24199),(2811,992,50,'Болт коленвала',10571),(2812,798,51,'Болт коленвала',3189),(2813,902,52,'Болт коленвала',13653),(2814,375,53,'Болт коленвала',17081),(2815,40,54,'Болт коленвала',20228),(2816,513,55,'Болт коленвала',16614),(2817,113,56,'Болт коленвала',24377),(2818,303,57,'Болт коленвала',24711),(2819,69,58,'Болт коленвала',19515),(2820,385,59,'Болт коленвала',4486),(2821,451,60,'Болт коленвала',19595),(2822,892,61,'Болт коленвала',11256),(2823,586,62,'Болт коленвала',4866),(2824,208,63,'Болт коленвала',15331),(2825,536,64,'Болт коленвала',23305),(2826,425,65,'Болт коленвала',1104),(2827,513,66,'Болт коленвала',2260),(2828,783,67,'Болт коленвала',8284),(2829,144,68,'Болт коленвала',1288),(2830,60,69,'Болт коленвала',4378),(2831,838,70,'Болт коленвала',13607),(2832,856,71,'Болт коленвала',14257),(2833,160,72,'Болт коленвала',4343),(2834,678,73,'Болт коленвала',12458),(2835,228,74,'Болт коленвала',7086),(2836,659,75,'Болт коленвала',2243),(2837,263,76,'Болт коленвала',20317),(2838,160,77,'Болт коленвала',20903),(2839,977,78,'Болт коленвала',10541),(2840,868,79,'Болт коленвала',367),(2841,211,80,'Болт коленвала',16455),(2842,261,81,'Болт коленвала',9730),(2843,748,82,'Болт коленвала',2498),(2844,272,83,'Болт коленвала',23797),(2845,282,84,'Болт коленвала',21949),(2846,804,85,'Болт коленвала',19093),(2847,210,86,'Болт коленвала',16565),(2848,624,87,'Болт коленвала',16176),(2849,660,88,'Болт коленвала',746),(2850,368,89,'Болт коленвала',19106),(2851,571,90,'Болт коленвала',19602),(2852,707,91,'Болт коленвала',20221),(2853,631,92,'Болт коленвала',2702),(2854,525,93,'Болт коленвала',3534),(2855,789,94,'Болт коленвала',2267),(2856,385,95,'Болт коленвала',21044),(2857,165,96,'Болт коленвала',16145),(2858,459,97,'Болт коленвала',16085),(2859,437,98,'Болт коленвала',23713),(2860,591,99,'Болт коленвала',21482),(2861,213,100,'Болт коленвала',2385),(2862,400,101,'Болт коленвала',9667),(2863,10,102,'Болт коленвала',2808),(2864,847,103,'Болт коленвала',10135),(2865,756,104,'Болт коленвала',5647),(2866,277,105,'Болт коленвала',21877),(2867,574,106,'Болт коленвала',24398),(2868,941,107,'Болт коленвала',3245),(2869,387,108,'Болт коленвала',1014),(2870,693,109,'Болт коленвала',15674),(2871,627,110,'Болт коленвала',11232),(2872,431,111,'Болт коленвала',483),(2873,351,112,'Болт коленвала',194),(2874,288,113,'Болт коленвала',6699),(2875,874,114,'Болт коленвала',8003),(2876,257,115,'Болт коленвала',22787),(2877,317,116,'Болт коленвала',4152),(2878,946,117,'Болт коленвала',356),(2879,363,118,'Болт коленвала',10977),(2880,324,119,'Болт коленвала',16916),(2881,3,120,'Болт коленвала',11358),(2882,825,121,'Болт коленвала',20166),(2883,68,122,'Болт коленвала',5558),(2884,473,123,'Болт коленвала',10821),(2885,623,124,'Болт коленвала',11343),(2886,695,125,'Болт коленвала',23282),(2887,129,126,'Болт коленвала',4604),(2888,375,127,'Болт коленвала',6226),(2889,668,128,'Болт коленвала',16330),(2890,216,129,'Болт коленвала',7878),(2891,665,130,'Болт коленвала',4073),(2892,259,131,'Болт коленвала',10396),(2893,569,132,'Болт коленвала',12043),(2894,914,133,'Болт коленвала',19946),(2895,674,134,'Болт коленвала',12603),(2896,328,135,'Болт коленвала',12594),(2897,867,136,'Болт коленвала',21011),(2898,656,137,'Болт коленвала',23000),(2899,920,138,'Болт коленвала',7305),(2900,481,139,'Болт коленвала',6511),(2901,640,140,'Болт коленвала',17220),(2902,24,141,'Болт коленвала',14070),(2903,681,142,'Болт коленвала',23684),(2904,856,143,'Болт коленвала',16046),(2905,39,144,'Болт коленвала',9112),(2906,650,145,'Болт коленвала',16726),(2907,746,146,'Болт коленвала',5048),(2908,849,147,'Болт коленвала',833),(2909,215,148,'Болт коленвала',1078),(2910,264,149,'Болт коленвала',13880),(2911,876,150,'Болт коленвала',8381),(2912,415,151,'Болт коленвала',13816),(2913,600,152,'Болт коленвала',13362),(2914,653,153,'Болт коленвала',12393),(2915,908,154,'Болт коленвала',17988),(2916,397,155,'Болт коленвала',19286),(2917,96,156,'Болт коленвала',20977),(2918,862,157,'Болт коленвала',12436),(2919,664,158,'Болт коленвала',18183),(2920,109,159,'Болт коленвала',24215),(2921,960,160,'Болт коленвала',23159),(2922,873,161,'Болт коленвала',15115),(2923,156,162,'Болт коленвала',13225),(2924,243,163,'Болт коленвала',8871),(2925,43,164,'Болт коленвала',9814),(2926,178,165,'Болт коленвала',16364),(2927,128,166,'Болт коленвала',11927),(2928,639,167,'Болт коленвала',368),(2929,609,168,'Болт коленвала',18642),(2930,545,169,'Болт коленвала',14182),(2931,700,170,'Болт коленвала',16717),(2932,431,171,'Болт коленвала',2698),(2933,647,172,'Болт коленвала',19369),(2934,918,173,'Болт коленвала',11727),(2935,897,174,'Болт коленвала',24831),(2936,745,175,'Болт коленвала',14792),(2937,971,176,'Болт коленвала',17594),(2938,553,177,'Болт коленвала',5600),(2939,594,178,'Болт коленвала',18911),(2940,369,179,'Болт коленвала',6640),(2941,747,180,'Болт коленвала',19373),(2942,663,181,'Болт коленвала',18340),(2943,803,182,'Болт коленвала',22964),(2944,596,183,'Болт коленвала',20119);
/*!40000 ALTER TABLE `zapchasti_sklad` ENABLE KEYS */;
UNLOCK TABLES;

--
-- Dumping events for database 'autowork'
--

--
-- Dumping routines for database 'autowork'
--
/*!50003 DROP PROCEDURE IF EXISTS `add_orders_c` */;
/*!50003 SET @saved_cs_client      = @@character_set_client */ ;
/*!50003 SET @saved_cs_results     = @@character_set_results */ ;
/*!50003 SET @saved_col_connection = @@collation_connection */ ;
/*!50003 SET character_set_client  = utf8mb4 */ ;
/*!50003 SET character_set_results = utf8mb4 */ ;
/*!50003 SET collation_connection  = utf8mb4_0900_ai_ci */ ;
/*!50003 SET @saved_sql_mode       = @@sql_mode */ ;
/*!50003 SET sql_mode              = 'STRICT_TRANS_TABLES,NO_ENGINE_SUBSTITUTION' */ ;
DELIMITER ;;
CREATE DEFINER=`root`@`localhost` PROCEDURE `add_orders_c`(id_c int)
begin
	declare ord_count int;
    select order_count into ord_count from customer where id_cust = id_c;
    set ord_count = ord_count + 1;
	update(customer) set order_count = ord_count where id_cust = id_c;
end ;;
DELIMITER ;
/*!50003 SET sql_mode              = @saved_sql_mode */ ;
/*!50003 SET character_set_client  = @saved_cs_client */ ;
/*!50003 SET character_set_results = @saved_cs_results */ ;
/*!50003 SET collation_connection  = @saved_col_connection */ ;
/*!40103 SET TIME_ZONE=@OLD_TIME_ZONE */;

/*!40101 SET SQL_MODE=@OLD_SQL_MODE */;
/*!40014 SET FOREIGN_KEY_CHECKS=@OLD_FOREIGN_KEY_CHECKS */;
/*!40014 SET UNIQUE_CHECKS=@OLD_UNIQUE_CHECKS */;
/*!40101 SET CHARACTER_SET_CLIENT=@OLD_CHARACTER_SET_CLIENT */;
/*!40101 SET CHARACTER_SET_RESULTS=@OLD_CHARACTER_SET_RESULTS */;
/*!40101 SET COLLATION_CONNECTION=@OLD_COLLATION_CONNECTION */;
/*!40111 SET SQL_NOTES=@OLD_SQL_NOTES */;

-- Dump completed on 2021-05-11 23:19:49
